True_Labels,Predictions
1,0.9046473
1,0.99779844
0,0.038548052
0,0.0035058446
1,0.9900928
0,7.7842895e-05
1,0.99557394
0,0.0003280725
0,7.200706e-05
1,0.9995341
0,0.00074763957
0,5.3229724e-05
0,0.0005174702
0,8.074086e-06
0,0.00013494812
1,0.9857095
1,0.99757266
0,0.00019317062
0,0.0004952795
1,0.9948968
1,0.95311075
0,0.23059268
1,0.9583849
1,0.99994904
0,0.04313575
0,0.0041443342
0,0.00024299689
0,0.000669556
0,0.00091487815
0,0.0001586804
1,0.7819199
1,0.99758494
0,0.0009228684
0,0.0002567948
1,0.9585851
0,0.0037289932
1,0.9964884
0,1.2218623e-05
1,0.99885976
0,0.00013904826
0,0.00011415776
0,1.6221545e-06
0,8.22269e-05
0,4.8734983e-05
1,0.9915481
1,0.9931239
1,0.9221468
1,0.99454236
0,2.77367e-05
0,3.261366e-05
1,0.99646723
0,1.3769749e-05
0,0.31865403
0,0.00092251407
1,0.9937294
1,0.90525705
1,0.92364246
1,0.92605865
0,0.35393572
0,0.0002975982
0,0.00049947196
0,0.00041192072
1,0.9773882
0,0.001021549
0,0.00044172828
1,0.9766089
0,0.00025220428
1,0.9992882
0,0.00010720084
1,0.9491881
1,0.997545
0,0.00017726042
1,0.89669627
0,1.7722403e-05
1,0.99586767
1,0.9773754
0,0.011875404
1,0.97234976
1,0.8664236
0,1.2277913e-05
1,0.9995914
1,0.995131
1,0.99555445
1,0.9973006
1,0.94171077
0,4.249517e-06
1,0.9752597
1,0.9047109
0,0.12287936
1,0.9863624
1,0.9932303
1,0.9939485
0,5.3476538e-06
0,0.000145884
1,0.9883717
0,0.000114324655
0,0.001141409
1,0.9921186
1,0.9439603
1,0.99953103
0,3.3385233e-05
1,0.99608207
0,1.4347134e-05
1,0.9963925
0,0.00061779504
0,0.002581346
0,0.005510173
1,0.77086896
0,0.00016453715
1,0.99980277
1,0.98528177
0,0.00013847997
0,0.0014893472
0,0.00421864
0,0.00050380436
0,5.0218234e-05
1,0.9979215
1,0.9994982
0,2.5680802e-05
0,0.07088726
1,0.90187556
0,0.00044894317
0,1.2882017e-05
1,0.98238
0,2.4566123e-05
1,0.96874607
0,5.265855e-05
0,0.0015148082
1,0.9874821
0,2.1038259e-05
0,0.0002395185
1,0.9951269
0,0.00037396993
1,0.996491
0,0.0004308605
0,0.00066843414
1,0.99777734
1,0.99928325
0,0.48037902
0,5.881575e-05
1,0.9964692
1,0.99922496
0,0.00023668399
0,0.0008765586
1,0.99341744
1,0.530719
0,0.00015335564
1,0.9961675
1,0.9903617
0,0.00013689451
0,1.4773108e-05
1,0.9461909
1,0.9753636
1,0.8355299
1,0.99456185
1,0.9542902
1,0.96136326
0,0.0013073045
1,0.99816406
1,0.9364094
0,0.0030242458
0,0.0058830124
1,0.686641
0,0.00026964466
0,0.00010152687
0,0.0011037404
1,0.98364764
0,3.4647535e-05
0,0.00028772347
1,0.9509229
0,1.5573884e-05
1,0.9992308
1,0.9010069
1,0.9916129
1,0.9689577
0,2.5660678e-05
1,0.9994464
1,0.9979278
0,0.0003336908
0,0.00025226828
1,0.9984947
0,0.00039357785
1,0.988443
0,1.6255258e-06
1,0.9985889
0,2.6933652e-05
1,0.99508375
1,0.9993849
1,0.9764034
0,0.0079391515
1,0.9968797
0,0.00027428413
1,0.9923907
0,0.0068004294
1,0.9662876
0,0.0019315942
0,0.004728138
0,1.23301415e-05
1,0.9987925
0,0.00024131907
1,0.9984706
0,9.198023e-06
0,1.5274438e-06
0,0.96632713
0,9.19079e-06
1,0.9972002
0,0.015224825
1,0.99783945
1,0.97700125
0,5.0023176e-05
0,0.0075570587
0,1.6804745e-05
0,0.0014078411
0,0.00018793248
1,0.92458445
0,0.00074675947
1,0.9996824
0,0.00011810454
1,0.8843653
1,0.9910431
1,0.9895371
1,0.99641997
1,0.9959464
1,0.9941987
1,0.9978596
0,4.183719e-05
1,0.9954109
0,0.0007604815
1,0.98023725
1,0.99871075
1,0.93880385
0,0.00825968
1,0.82487935
0,0.0013638241
0,2.3097211e-05
0,0.013156562
1,0.9875819
0,0.0011911427
1,0.99088895
0,1.6784904e-06
1,0.9989857
0,2.9298153e-05
0,0.021300245
0,0.004040695
0,1.629369e-05
0,1.0180391e-05
0,1.308797e-05
0,0.00017161164
0,3.277067e-05
0,4.728512e-05
1,0.9862713
0,0.00031903962
0,9.75043e-05
0,0.00024234166
1,0.939925
1,0.99595994
0,0.0015152568
0,0.004530622
1,0.99198574
0,0.00073248945
0,0.0015360607
0,8.885339e-05
0,0.0006019951
1,0.9953712
0,8.5228006e-05
0,0.004458908
0,0.0062832325
0,1.3232259e-05
1,0.99917334
1,0.966826
0,2.5340429e-05
0,0.00045750407
0,1.2516453e-05
0,0.0009891754
1,0.9995529
1,0.93425494
0,2.881545e-06
1,0.99837524
0,0.0017652283
0,0.0012940783
1,0.9959978
1,0.96397597
0,0.000277359
0,0.0015183238
0,6.0590995e-05
1,0.9973987
1,0.9997287
0,0.027374595
0,0.0016765258
1,0.9997672
1,0.998233
1,0.996082
0,0.0006153076
1,0.99923164
0,4.7818212e-05
1,0.997009
1,0.994533
1,0.99872506
1,0.8698477
0,2.1140295e-06
1,0.94699866
0,0.00064017385
0,0.0046770256
0,9.378121e-06
1,0.9543844
1,0.9906241
1,0.9831442
0,0.00025949525
1,0.99832857
1,0.9997987
0,3.4634846e-05
1,0.989382
0,0.00025935104
1,0.99753547
1,0.9870802
0,0.000534538
1,0.99580985
0,0.0003218048
0,0.007846789
1,0.9996922
0,0.00015314901
1,0.9723163
1,0.9994608
1,0.9987753
0,0.00063395785
1,0.9986641
1,0.91497946
1,0.96639526
1,0.99757147
1,0.8736003
0,0.42434165
1,0.72276044
1,0.9534862
0,1.3589331e-05
0,0.00062283454
1,0.9955701
0,0.0011174552
0,8.5724154e-05
0,0.00071114156
0,0.0023687098
1,0.99739414
1,0.9965947
1,0.9771319
0,1.9139968e-06
0,0.0009232193
1,0.98518103
0,6.032907e-05
0,0.0003593161
1,0.9863423
0,0.00015857194
0,1.4487677e-05
0,0.000317745
1,0.9990486
0,0.0013332595
0,8.3572035e-05
1,0.97921896
1,0.9960121
0,2.6017753e-06
1,0.99915093
0,0.0016602507
1,0.9816021
0,2.3540248e-05
0,0.117744505
0,6.813436e-05
0,0.0011487686
1,0.997676
1,0.9970237
1,0.9585545
0,0.00061929127
0,0.10123926
0,5.2708956e-06
1,0.9903589
1,0.827995
0,2.5202313e-05
1,0.992574
1,0.98615074
1,0.93353295
1,0.9947157
0,0.00017258785
1,0.98574644
1,0.9894571
0,0.00021489798
1,0.9972481
1,0.99921197
0,0.23713759
0,5.7182904e-05
1,0.9982309
1,0.9994665
1,0.99448246
1,0.99935955
1,0.999276
1,0.9968416
0,3.1680804e-05
0,0.0006778587
0,0.0076145953
1,0.93105567
0,0.027292972
1,0.9867648
0,0.002148153
1,0.9920824
1,0.9988957
0,3.587149e-05
1,0.98603094
1,0.9967652
1,0.99873763
1,0.99969554
0,0.00018476378
1,0.9840384
1,0.99550563
1,0.9965036
1,0.9944471
1,0.9372627
0,5.0863e-05
0,0.00013011703
1,0.99602354
1,0.9989136
0,0.0008228868
1,0.99564195
0,0.000290881
1,0.99380606
1,0.8779625
1,0.9935353
1,0.8256751
0,6.434629e-05
1,0.99882036
1,0.9750741
1,0.99727666
0,4.4438606e-05
1,0.98919463
1,0.99660254
0,7.898787e-06
0,0.00032623042
0,0.0016609099
1,0.98143876
0,0.0001281302
0,6.1383535e-06
0,2.4245599e-06
0,0.00028136614
1,0.9847524
0,0.00042135592
1,0.98099446
0,7.0869886e-05
0,0.001081142
1,0.9904495
1,0.99565935
0,0.00037378832
1,0.8235686
0,1.1407778e-05
1,0.96801734
0,0.95695364
1,0.99984956
1,0.9978155
0,0.00047681577
0,0.9749243
0,4.352924e-05
0,0.2301791
1,0.9584948
1,0.97139215
1,0.9901651
1,0.98633486
0,0.0006114534
1,0.99588615
0,0.000541383
0,0.0002868385
1,0.99971753
1,0.99898124
1,0.9546336
0,0.03383944
1,0.9651705
0,0.17655222
1,0.99834156
1,0.9980726
1,0.99241513
0,4.6810976e-05
1,0.8250709
1,0.99421614
0,0.08072853
0,0.000118346696
0,0.46339652
0,1.0719712e-05
1,0.9895593
1,0.9645531
1,0.9951863
0,1.8998566e-05
0,0.000112927184
0,9.747348e-06
0,0.0030400918
0,7.0293936e-05
0,6.2418985e-05
0,5.5857272e-05
1,0.9904122
1,0.994706
0,2.3957506e-05
1,0.99745876
1,0.45498878
1,0.9978812
0,0.00090500235
0,2.4900131e-05
1,0.93423027
1,0.92028475
0,0.008325032
0,0.0008111569
1,0.8982591
1,0.9889393
0,0.6548777
1,0.99906564
1,0.99549556
1,0.9958142
1,0.9984107
0,0.008140441
0,3.2588792e-05
1,0.99518543
0,0.0002764316
1,0.8664709
0,0.00059678854
1,0.8120298
0,9.809828e-05
1,0.96641475
1,0.99981356
0,0.00012667953
0,1.845906e-05
1,0.99658924
0,0.00020162782
1,0.88490045
1,0.9974322
0,0.00019096826
1,0.67821807
1,0.9901252
1,0.9984415
0,0.000724709
1,0.9986431
0,0.23681484
0,1.4764093e-05
0,0.00013536218
1,0.975171
1,0.9911279
0,4.005143e-05
1,0.99639076
0,0.000324745
1,0.99650794
0,5.1200983e-05
1,0.996565
1,0.9998343
1,0.9606769
1,0.99962825
0,0.00044610247
1,0.9926509
0,0.008344538
0,6.4762e-05
0,2.9535708e-05
1,0.99141085
1,0.92016447
1,0.99763006
0,0.00062010845
0,0.00011342014
1,0.99956346
1,0.998181
1,0.98161256
0,0.0020969415
0,0.008745178
0,1.056383e-05
1,0.99658334
1,0.99762654
1,0.9823683
1,0.99364936
0,0.00022198627
1,0.97000027
1,0.93804926
1,0.98561364
0,0.0014622207
1,0.99873894
1,0.99896187
0,8.996859e-05
1,0.8531223
1,0.99925447
0,0.00023896969
1,0.9911693
0,0.6606134
1,0.99684554
0,0.00017710464
1,0.99826527
0,0.0010444189
1,0.9973833
0,0.15165772
1,0.99256104
1,0.9979105
0,0.027929882
0,0.0010395538
0,3.8457096e-05
1,0.98816293
0,3.2469237e-05
1,0.987813
1,0.97332954
1,0.9978898
0,4.7552596e-05
1,0.73717254
0,0.005348698
1,0.9958138
0,0.00026551925
1,0.7637682
1,0.9902965
1,0.9805982
0,4.4480665e-05
1,0.99865925
0,5.453194e-05
1,0.9010565
0,0.0015232873
0,0.00051323144
1,0.9934839
0,2.8620902e-05
1,0.99737465
0,0.5104921
1,0.9986395
1,0.976899
0,9.409681e-05
1,0.8752648
0,3.4822235e-05
1,0.99726266
0,0.00027659212
1,0.99629384
1,0.9617834
1,0.9957227
1,0.99711674
0,0.29847687
1,0.9811643
0,0.0017493156
0,0.00011523175
1,0.99791694
1,0.9997483
0,0.00032234308
0,6.7167784e-05
0,0.00019620341
0,0.00011172264
0,0.0005011573
0,0.006238707
0,0.0010571852
1,0.9676134
0,0.0016256287
1,0.8642212
1,0.9989274
1,0.99265236
1,0.9988687
0,0.00013917414
1,0.9927567
0,2.7133787e-05
0,4.668508e-05
1,0.96713126
0,0.00069038227
1,0.9782306
0,1.2200842e-05
1,0.9990947
0,0.014305421
1,0.9418518
1,0.9640576
1,0.99807155
0,3.101842e-05
1,0.89090216
0,2.5379342e-05
1,0.99508274
1,0.99948514
0,0.0011937006
1,0.9974497
0,0.0003374228
1,0.9996467
1,0.99958974
1,0.98577327
1,0.9631384
1,0.9975233
1,0.9670788
1,0.9988224
0,0.00010904769
0,5.6404646e-05
0,0.002396592
1,0.98770565
0,4.072995e-05
1,0.99986595
0,0.0017443249
1,0.97934186
0,2.1183312e-05
0,0.0040344605
1,0.99754465
0,0.0023589549
0,5.356627e-05
1,0.9684511
0,0.0002977523
0,4.8594873e-05
1,0.99885887
0,2.4321083e-05
1,0.8982057
1,0.73778504
1,0.86253005
0,0.0014947847
0,0.012620713
0,0.0008388167
0,9.548287e-06
1,0.9952637
0,0.003168168
1,0.98798764
1,0.9885011
1,0.98385
0,0.00024857657
0,0.0073738694
0,0.002114037
1,0.99934405
1,0.9992121
1,0.97669566
1,0.9927806
0,0.0006286879
0,0.0012425688
0,6.41741e-05
0,8.317213e-05
0,0.0012611697
0,0.0001908585
1,0.97535086
1,0.9769638
1,0.9913809
1,0.9994044
0,0.006031032
1,0.99720037
1,0.9781682
1,0.9796696
1,0.95652455
1,0.96915615
1,0.98532224
1,0.99207866
1,0.99747634
0,5.224998e-05
1,0.9794997
1,0.9224935
0,0.00015202897
1,0.9968876
1,0.9814086
0,0.00014629927
0,3.4120738e-05
0,0.00030843393
1,0.987352
0,0.036936827
1,0.9339126
0,3.4291013e-05
1,0.91556525
0,0.0015343408
1,0.9946836
0,0.9953777
0,0.00011372587
0,8.311124e-06
1,0.9966693
1,0.429864
0,0.49258307
0,0.00045352455
1,0.9991651
1,0.99966055
1,0.9977474
0,0.060249258
0,0.11993969
0,0.0003414392
0,0.00017612286
1,0.98420334
1,0.9906623
1,0.9817427
1,0.998499
1,0.9984235
1,0.99140316
0,9.600789e-06
0,0.0007096779
0,0.00015975039
1,0.9383148
0,0.0003410677
0,9.564875e-06
0,5.5741162e-05
0,1.571865e-05
0,0.00023571316
0,3.7185025e-06
1,0.89958715
0,0.0020497113
0,1.6300031e-05
0,0.000197705
1,0.9932415
0,3.2622185e-05
1,0.991785
0,0.0011762617
0,0.00025683155
0,0.35392463
1,0.9943809
0,0.0014564894
1,0.99818397
0,0.0033653632
1,0.99314636
1,0.9985907
0,3.2828255e-05
1,0.94929516
0,6.7930974e-05
0,0.00024410269
0,0.015625244
1,0.9937672
1,0.99910927
0,0.0049792025
0,3.8493938e-05
0,0.013972985
0,0.00023489493
0,0.0005280771
1,0.8926769
1,0.8407844
0,0.00027803946
1,0.9966522
1,0.700012
0,8.848786e-05
1,0.99825716
1,0.99030036
1,0.997456
1,0.9932051
1,0.979525
1,0.9975245
1,0.99764925
1,0.8974268
1,0.9989912
1,0.9992791
1,0.9843691
0,0.0054521775
1,0.989863
0,2.5708457e-06
0,0.0011877934
1,0.99656963
0,8.846391e-05
0,0.00032873717
1,0.9369777
0,5.3719883e-05
1,0.9678981
0,9.478339e-05
0,0.50547075
1,0.99977213
1,0.9924914
0,0.00011783456
0,0.00011352987
0,6.335361e-06
1,0.9956201
1,0.97067386
0,0.0003047251
1,0.9959764
0,7.3412093e-06
1,0.94869787
1,0.9969074
0,0.0003816292
0,0.0008757601
1,0.8842221
0,0.000102314305
1,0.19010127
1,0.9181517
0,0.0013628204
0,0.00011495278
0,0.0037677095
0,4.455851e-06
1,0.99546146
1,0.952844
1,0.58443826
1,0.9853481
0,0.0021847985
0,2.0598714e-05
1,0.9945561
0,0.0006083374
0,0.00013243376
1,0.988934
0,0.00043037653
1,0.96563095
1,0.98909557
0,8.480203e-06
1,0.9996536
0,0.00083192915
0,1.0106814e-06
0,9.633336e-05
1,0.9889162
1,0.9916498
1,0.9942735
1,0.996569
0,1.9540676e-05
0,0.96315384
0,0.00034573724
0,0.000121883684
1,0.9405978
1,0.9994068
0,0.0073297936
0,4.531246e-06
1,0.9997109
0,0.010761644
0,0.00010101188
1,0.99575
1,0.58922637
1,0.9980143
1,0.99381685
0,0.00017375576
1,0.9247062
1,0.99936754
1,0.99646276
0,0.0025148715
0,1.6976517e-05
1,0.99878657
0,5.100099e-05
1,0.98509204
1,0.9997843
1,0.99718636
1,0.9866402
1,0.99617624
0,2.9571218e-05
1,0.9804347
0,0.017343875
1,0.99632204
0,0.00804622
0,0.0005240079
0,0.00011246562
1,0.959083
0,0.0037345563
1,0.977021
0,8.075079e-06
1,0.9986265
0,7.834807e-06
0,8.9219764e-05
1,0.9928432
0,0.00019505457
0,7.9793754e-05
1,0.94456136
1,0.9901777
1,0.99563205
0,0.538653
1,0.99249184
0,3.295281e-05
1,0.98271936
0,0.00029784173
0,0.00016701022
0,0.014151702
1,0.99970055
0,0.00014444803
1,0.98685056
1,0.96780694
1,0.99855417
0,0.00062883203
1,0.700818
1,0.97542423
0,7.5185446e-05
0,2.7198219e-05
1,0.9285661
1,0.9039756
0,1.3596356e-05
1,0.994062
1,0.99975675
0,0.0015355408
0,1.4326189e-05
1,0.9280954
1,0.99879915
0,0.005236114
0,8.87011e-05
0,0.008457279
0,0.88148075
0,4.0381252e-05
1,0.99953943
1,0.9868152
0,0.0014099685
0,4.377013e-05
0,0.0021061613
1,0.9762113
0,0.00046636193
1,0.9960979
0,3.490349e-05
1,0.99786156
0,0.0073382575
0,0.0004341299
1,0.99877954
0,2.9680896e-05
1,0.9869767
1,0.69708246
1,0.9744707
1,0.9906795
1,0.9972316
0,0.00013470526
0,0.039743997
1,0.9142436
0,0.0025586598
0,0.0018079808
1,0.9974425
0,0.00027978144
1,0.99349874
0,6.3352025e-05
1,0.9995543
1,0.99467766
1,0.9954914
1,0.9985676
0,0.0006277266
1,0.9880566
1,0.97952306
0,0.0064329496
1,0.97375554
1,0.955865
0,5.118331e-05
1,0.9906458
1,0.96488076
0,0.9151294
1,0.99200034
0,0.00019989604
1,0.9989707
1,0.9981495
0,2.0555073e-05
1,0.9748204
1,0.9750206
1,0.7999353
0,1.1022608e-05
0,0.0001535911
0,2.2364835e-05
0,3.399511e-05
0,0.0006494122
0,0.0001233554
1,0.9987408
1,0.61959684
0,5.7777524e-05
1,0.9852857
1,0.99451125
1,0.9201734
0,0.0014518546
0,0.0010548135
0,0.0001408655
0,0.00024076406
1,0.9947965
0,0.0024931985
1,0.89114285
0,9.138411e-06
0,0.00909382
1,0.9741846
0,0.0013114585
1,0.9802328
1,0.9673916
0,0.751809
0,0.31496444
0,5.6304685e-05
0,0.0037576836
0,4.435406e-05
1,0.99703413
1,0.9756277
1,0.8193622
0,0.0011347899
1,0.9977635
1,0.94644135
0,4.792769e-05
0,3.8395574e-05
0,8.270117e-05
0,0.00017862215
0,2.635616e-05
0,8.601402e-05
1,0.99780333
1,0.9975077
1,0.9176797
1,0.9974814
0,0.0019495208
0,0.69491774
0,8.331153e-05
0,0.020227902
0,0.05802884
1,0.9855733
1,0.968196
0,3.5336063e-05
0,0.0004225796
0,0.00020001233
0,8.3382336e-05
0,7.688716e-06
0,0.001681193
0,0.0003260812
0,0.009859502
0,0.0028145823
1,0.99961936
1,0.9911082
1,0.99812883
1,0.9993841
0,3.6371548e-05
1,0.7414393
1,0.74977845
0,8.578123e-05
0,0.09394041
0,0.000369099
0,6.3861225e-05
0,1.7186032e-05
1,0.99779856
1,0.9980462
0,9.4050156e-05
1,0.9929832
0,1.19607175e-05
0,0.0020148866
1,0.99822253
0,0.099175245
1,0.95524114
1,0.6632644
1,0.9972289
0,1.0297554e-05
0,8.786648e-05
0,2.8540171e-05
1,0.9918765
1,0.9654077
0,0.00084501517
1,0.99428713
1,0.9992531
0,6.456138e-06
0,0.39853114
0,0.0007272297
1,0.9990545
1,0.9459825
1,0.99895287
0,0.42728528
1,0.9980438
1,0.99781245
0,1.4770699e-05
1,0.99958414
0,3.876732e-05
1,0.9995747
0,0.00037242624
1,0.9988654
0,0.006630153
0,0.000897933
1,0.9995649
0,2.9952302e-05
1,0.9940817
1,0.99766886
0,3.3001455e-05
1,0.9996305
1,0.9781954
1,0.9968947
1,0.99763256
0,0.004179842
1,0.98560596
0,8.57313e-06
1,0.9975242
1,0.99974173
0,0.00041077886
1,0.9936078
1,0.9994584
0,0.00041787326
0,3.7197064e-05
1,0.96875584
0,0.00012486678
1,0.85760146
0,0.00020366201
1,0.9886703
0,2.4946978e-05
1,0.92743677
0,0.0037956277
0,0.0009731613
1,0.998479
0,7.446427e-06
1,0.9662194
1,0.987184
0,0.00014368861
0,0.6097545
0,0.00012102332
0,6.741709e-05
0,0.00033607264
0,0.00010867409
0,0.021964775
0,0.0013136393
1,0.9894826
0,1.3634999e-05
0,0.0005699296
1,0.99636376
1,0.99733335
1,0.99700505
1,0.9985529
1,0.9885372
1,0.99537677
1,0.95611924
1,0.8886117
0,0.0005646592
1,0.7464183
0,0.0027483825
1,0.6072962
0,0.16924179
1,0.99431694
1,0.97979134
0,0.00016956023
0,7.863231e-05
0,3.997176e-05
0,0.0008730469
1,0.4940397
1,0.99306923
0,0.00065933744
1,0.988049
1,0.99783796
0,0.00015255799
0,0.0006234534
0,0.00013711478
0,8.010107e-05
0,0.8467341
0,7.844186e-05
1,0.99959373
0,0.0001013747
0,8.671771e-06
1,0.9980308
1,0.9959486
1,0.99886376
1,0.99113
1,0.995287
1,0.97837335
1,0.99923724
0,2.479388e-05
0,0.0006370443
0,5.5010743e-05
0,3.9276387e-05
0,2.369665e-05
0,0.0028020407
1,0.6118734
1,0.9969666
1,0.97974366
0,4.76399e-06
1,0.9705152
1,0.9857886
1,0.974048
0,4.442327e-05
1,0.9987813
1,0.99834996
0,8.663792e-05
1,0.98771864
0,4.312959e-05
1,0.9919318
1,0.9942165
0,0.00021197891
0,0.008656082
1,0.9140468
1,0.9975929
1,0.99973655
0,0.59754336
0,5.951128e-05
1,0.99346435
0,3.8059858e-05
0,0.0011683077
1,0.9998128
0,0.00019896714
1,0.9947666
0,0.00095796224
0,0.0010367146
1,0.9906696
1,0.9600517
0,0.00017322061
0,0.00021115266
1,0.99892026
0,0.00014218176
0,0.0010244367
0,1.8903556e-05
1,0.9189437
1,0.88091433
1,0.98133385
0,5.4661945e-05
0,0.056672458
0,0.74739933
0,0.022083417
0,0.00057384354
0,4.3358923e-05
0,1.9905809e-05
1,0.9854975
0,1.5635509e-05
0,0.00049628667
0,0.00015812108
0,0.000508017
0,4.1028215e-05
1,0.9980067
1,0.99567825
1,0.98966104
0,0.0010235572
0,0.18452056
0,4.1343403e-05
1,0.99988866
1,0.99078214
1,0.9985638
1,0.9939735
1,0.99645376
1,0.9961198
0,0.000267416
1,0.99800134
0,0.038660534
1,0.9951805
1,0.98368263
1,0.9796246
1,0.99982524
0,0.0002932923
0,0.0012853544
1,0.93968225
1,0.9910551
1,0.99953437
0,0.006695115
1,0.9928136
1,0.9938441
1,0.9987278
1,0.9942936
1,0.9976693
0,2.8505272e-05
0,0.00013999923
1,0.98365545
1,0.9378514
0,0.00031479218
0,0.0010500496
1,0.99960077
0,0.00015816408
0,0.00023045376
1,0.99980986
0,0.0005085563
0,0.00070516963
1,0.9885815
0,0.00018397726
0,6.6958084e-05
0,0.003105025
0,0.00021030636
1,0.99565864
1,0.998231
0,0.0014218972
0,3.5913698e-05
1,0.9903425
1,0.99880505
0,7.44941e-06
1,0.99824727
1,0.9884926
1,0.99888057
0,0.0001124994
0,2.460758e-05
1,0.9995348
0,2.4301215e-05
1,0.997714
1,0.9941821
1,0.99661326
1,0.9998479
0,0.39948753
1,0.9975235
0,0.002742638
0,4.3140164e-05
1,0.99969244
0,9.290386e-05
1,0.9992244
0,0.0030258207
1,0.9885888
1,0.99643356
0,1.82953e-06
1,0.99664986
0,0.053903617
1,0.9998319
0,7.702563e-06
0,3.0401663e-05
1,0.94495904
0,9.9810044e-05
1,0.99946654
1,0.9964748
0,0.00013845843
0,0.00057760597
0,0.0087573975
0,0.00016145772
1,0.89630234
1,0.9974689
0,4.3458396e-05
1,0.9663535
0,0.00092543656
0,0.0039149392
1,0.7791403
0,8.171667e-06
0,0.09945234
0,0.0007705564
1,0.9984933
0,0.0028067345
0,0.0006809004
1,0.9133946
0,7.949807e-05
0,0.0039611296
1,0.99274194
1,0.9902878
1,0.92953515
1,0.957147
1,0.99945426
1,0.97197795
0,0.0007695537
0,0.00010063193
1,0.99937725
1,0.9672943
0,0.00011351796
0,0.02012309
0,0.00016408387
1,0.999214
0,0.00011819534
1,0.99734956
0,3.143262e-05
1,0.92362565
0,0.006466173
0,0.0030816554
0,0.0018636272
1,0.9940236
0,0.00011771462
1,0.9286192
0,0.00041454763
0,0.0004473402
1,0.9980474
1,0.994504
1,0.99922395
0,3.9513856e-05
1,0.9679806
0,0.00028204697
1,0.999704
1,0.9985637
0,0.0039809733
0,0.00026926526
0,0.000365389
0,9.434748e-05
0,6.197374e-05
0,0.00012846368
1,0.99225956
0,0.12524714
1,0.99987996
1,0.9845052
1,0.9964838
1,0.7641022
0,0.0011687741
0,0.0011825081
1,0.9987014
1,0.9920118
0,2.0876792e-05
1,0.9989738
0,0.00083209056
1,0.99793386
1,0.99224013
1,0.9966985
1,0.9968219
1,0.99851257
1,0.9910072
0,8.21349e-05
0,0.00014451458
0,0.0002714821
1,0.9984328
1,0.9957866
0,0.15213844
1,0.9999002
0,4.0096376e-05
0,0.00045820285
1,0.9889344
1,0.97125334
1,0.4168539
0,0.1331934
1,0.9970613
1,0.99584293
1,0.99395746
1,0.987977
0,2.3490911e-05
0,0.00021469728
1,0.9973309
1,0.99907434
1,0.9638191
0,0.0003801974
0,0.00018608874
0,0.00083886617
0,6.733626e-05
1,0.9996169
1,0.99829304
0,0.006295671
1,0.9983156
0,0.0008866822
1,0.97695404
1,0.997143
1,0.9975086
0,7.91514e-05
1,0.9893297
1,0.64914083
0,0.0023336122
0,3.6628226e-05
0,0.00026991192
0,0.00011845135
1,0.9984538
1,0.99913746
1,0.88945353
1,0.9995542
1,0.99959606
0,0.0017527379
1,0.9266582
1,0.99671614
0,9.218502e-06
1,0.9793855
0,0.041734368
0,2.0720672e-05
1,0.94171494
1,0.93047935
0,8.1798964e-05
1,0.9978656
0,4.321341e-05
0,6.6869005e-05
0,0.00023880409
1,0.9993489
0,2.4948002e-05
0,0.00033932817
0,0.014181282
1,0.9979994
0,6.5429017e-06
1,0.62762433
1,0.9965645
0,0.039478034
0,0.0011323021
1,0.9137586
0,0.0022860765
1,0.9983189
0,0.00064781826
1,0.99255323
0,2.8727409e-05
1,0.6809933
1,0.9990974
0,1.562585e-05
0,0.006859979
0,0.0014332052
1,0.9909976
0,0.00012064044
1,0.9785603
1,0.97043955
0,0.077123836
0,0.00018978401
1,0.93723017
0,3.2358363e-05
0,0.0014249411
0,0.0010747644
0,0.0029811547
1,0.9978193
1,0.99729574
0,9.8822646e-05
0,0.00020590902
1,0.99388075
1,0.984456
1,0.99514353
0,0.00065988407
0,0.010482228
1,0.8201192
0,0.00069377635
1,0.99968386
0,0.00044231987
0,0.000769231
1,0.96616524
0,0.00011056583
1,0.8193228
1,0.99895126
1,0.9965752
1,0.694288
0,6.4755586e-05
1,0.95761365
0,0.00018612883
1,0.9988287
1,0.9989206
1,0.9977448
0,9.2223134e-05
1,0.99136776
1,0.95855176
0,0.00013757104
1,0.8527351
0,0.00014235516
1,0.99903524
0,0.00074461446
0,0.00015003028
0,0.00044560904
1,0.82731277
0,6.1144325e-05
0,0.00014475123
0,0.00076836033
0,3.5285586e-05
0,8.228834e-06
0,0.0002479616
0,0.26548928
0,9.7272605e-05
1,0.8394967
1,0.99943835
1,0.98285025
0,0.011894129
1,0.99832624
1,0.99146384
0,0.567361
1,0.9977584
0,0.0010542072
0,8.150324e-05
1,0.99966073
1,0.99943465
1,0.9987946
0,0.0011073758
1,0.9651715
1,0.87496614
0,0.0009400106
0,0.0001468624
0,6.8511996e-05
0,0.0019337964
1,0.9740896
0,0.27333143
1,0.98582035
0,3.610239e-05
0,0.0020356188
1,0.995493
1,0.98974496
0,0.0033515543
1,0.99751055
1,0.99470043
0,0.0006987103
0,0.00021325183
1,0.9992799
0,0.00012618257
0,0.00014253728
1,0.9970275
0,0.007013164
1,0.97766393
1,0.97907424
0,8.4565305e-05
0,1.50465e-05
1,0.9995268
0,9.676552e-05
0,0.00039482568
0,0.00015858676
0,0.00026279746
0,0.03809028
1,0.9999074
1,0.99833524
1,0.99803084
0,3.486646e-05
1,0.9964865
0,2.3481816e-05
0,0.00011035654
1,0.97807235
0,0.7950425
1,0.99864006
1,0.99917597
0,1.2520859e-05
0,4.384996e-06
0,9.30271e-06
1,0.99890673
0,9.714718e-05
0,0.00012974856
0,2.1857855e-05
1,0.9878945
0,0.00016210685
0,0.00072183064
0,1.4903435e-05
1,0.991123
1,0.99559516
1,0.99931526
1,0.99836373
1,0.8180107
0,5.0761486e-05
1,0.9773536
1,0.9656449
1,0.99811345
0,1.3341103e-05
1,0.9985849
1,0.9973533
1,0.9926947
0,0.017113904
0,3.6232763e-05
1,0.99840087
0,4.8943308e-05
1,0.7095875
1,0.9989354
1,0.7799692
0,0.0001187514
1,0.99991816
0,0.00013095872
0,0.07304917
0,6.590511e-05
1,0.994173
0,6.397252e-05
1,0.9961405
1,0.99170315
1,0.98569864
1,0.9979862
1,0.91014326
0,1.3811953e-05
1,0.98022014
0,0.00031292744
0,0.026293227
1,0.99898833
0,1.5793876e-06
1,0.99913126
1,0.98382634
1,0.99535424
0,4.6156263e-05
0,8.53417e-05
0,6.889855e-05
0,0.0007577615
0,0.006076834
0,2.4110543e-05
0,2.7324547e-06
1,0.9997886
1,0.9923291
0,2.9019251e-05
0,0.0013964258
0,0.00024084556
1,0.998444
1,0.9908996
1,0.93244964
1,0.96876085
1,0.78550774
0,3.7777227e-05
1,0.9888544
0,0.0064437813
1,0.9375795
1,0.977187
1,0.7216202
0,0.0029597934
0,2.7004171e-05
1,0.99980325
0,0.0001418638
1,0.99946356
1,0.99763066
0,0.0034316925
1,0.98764753
0,5.7585446e-05
1,0.99380344
0,1.9645031e-05
1,0.85861933
1,0.99584204
1,0.9924598
0,0.003279697
0,8.110613e-06
0,0.0003197116
1,0.9873474
0,0.10069081
1,0.9995866
1,0.98591
0,7.713465e-06
0,2.58497e-05
1,0.9975356
0,0.00024077002
0,0.002094534
1,0.98533875
0,0.0017999798
1,0.99893755
1,0.9993015
0,0.00679673
0,1.589723e-05
1,0.9962183
0,0.0004890139
0,4.2795644e-05
0,0.00042426155
1,0.99247
1,0.99800515
0,0.0002735388
0,7.136734e-05
1,0.991982
1,0.9942663
1,0.9735488
1,0.9968408
0,1.6199798e-05
1,0.9954762
0,0.03436915
1,0.99907494
1,0.91669375
1,0.9966654
0,6.453267e-05
1,0.9596145
1,0.99386287
1,0.9974663
1,0.99502385
0,6.552472e-05
0,0.0008083413
0,0.015399322
1,0.9920886
1,0.9955135
1,0.9954533
1,0.9858247
1,0.99503374
0,0.006348793
1,0.9995681
0,5.112487e-05
0,0.00011697946
1,0.9987845
0,0.0029068224
0,0.00017023807
0,0.0010953451
0,0.0038444207
1,0.97471124
0,8.223835e-05
0,0.0018837318
1,0.6195885
1,0.8527877
0,0.0003643722
0,4.0189396e-05
0,0.00010490998
0,0.012402367
1,0.9952165
1,0.9806125
1,0.99633425
1,0.9618924
1,0.98943484
1,0.9857231
0,0.00011207839
1,0.98388493
1,0.9815474
0,0.00028018828
1,0.99863863
1,0.99915504
1,0.9935072
1,0.8150317
0,7.949709e-05
1,0.90155476
1,0.9889849
1,0.9665915
1,0.9997104
0,0.00012878799
0,5.9048467e-05
1,0.9807752
1,0.9485342
0,0.0021698829
1,0.9948621
0,0.0007602094
1,0.9997555
1,0.8917453
1,0.99948585
1,0.98947465
1,0.9963068
0,0.11340672
1,0.9996503
0,0.0011609741
0,0.0002356608
1,0.9892511
0,0.0005277913
1,0.39456314
0,0.0001974985
0,0.0002049268
0,0.00017102665
0,0.003643026
1,0.9817081
0,0.00053350185
1,0.9997871
0,0.012185396
1,0.988118
1,0.99792045
1,0.99812084
1,0.9876388
0,2.968939e-05
0,0.10178574
0,0.0005268734
0,1.5818017e-05
0,0.00037595344
0,0.00043393002
0,0.001111233
0,8.704286e-05
0,4.4897966e-05
1,0.9920928
0,2.210281e-05
0,0.07424156
1,0.99970883
1,0.9588429
0,6.7631e-05
1,0.9957307
0,0.0001237246
1,0.9998885
1,0.99830943
1,0.9861233
0,0.00010637814
1,0.99851006
0,2.6224683e-05
0,1.961287e-05
1,0.98771304
0,0.0010544524
1,0.99968314
1,0.9875721
0,0.002513213
0,0.00022349712
0,9.8844475e-06
1,0.9949586
0,2.875567e-05
0,4.1724827e-05
0,5.0720606e-05
1,0.9989503
0,4.5697358e-05
1,0.9882756
1,0.99543643
1,0.9955413
0,0.0009622382
1,0.98099256
1,0.99560595
1,0.99730235
1,0.98471814
0,8.2735e-05
1,0.9997618
1,0.9962426
0,0.00015425407
0,0.0001326165
1,0.9991378
0,8.261888e-05
0,0.00021562661
0,2.9132103e-05
1,0.9973598
0,0.0026552596
0,0.0011121305
0,6.261722e-05
1,0.9900492
1,0.9982838
0,0.00068031927
0,0.000774744
1,0.9989994
0,0.104232885
1,0.9612836
1,0.90811104
1,0.99855
1,0.9976319
0,0.009949037
0,7.211213e-05
1,0.99951077
1,0.890608
1,0.9992847
1,0.99887586
1,0.99900293
0,0.0011254284
0,2.771962e-05
0,0.00024788053
0,4.267025e-05
0,0.00044987965
1,0.9946939
0,1.1017994e-05
0,0.00016460383
1,0.9850781
1,0.96979374
1,0.99981666
1,0.9792943
0,0.0010719473
0,0.00025113006
1,0.99768066
1,0.99776524
1,0.99359363
0,4.2921365e-05
1,0.99559456
1,0.9645218
0,0.00013314995
1,0.8227081
0,0.00033772064
1,0.77641886
1,0.9958333
0,3.816837e-06
0,2.252256e-05
0,0.010883493
1,0.98665047
0,0.00023487704
0,2.9277514e-06
0,9.7354e-06
1,0.9946958
0,5.807222e-05
1,0.9899994
0,0.00044971568
0,0.0010317144
0,0.0018435646
0,9.3305505e-05
1,0.97610503
0,0.005380361
1,0.9951397
0,0.0010790778
1,0.9989734
1,0.9804906
1,0.9998947
1,0.99673504
0,0.0001738439
1,0.7714469
1,0.98911387
0,0.00010300612
0,0.04193255
1,0.8858454
0,0.0014396934
1,0.9989403
1,0.9468757
0,0.00012617126
1,0.9902728
1,0.9952843
0,8.233581e-05
0,0.00029704854
0,0.00043724748
0,0.00038377204
0,0.19038793
0,3.7938105e-06
1,0.991301
0,6.1299006e-06
0,0.0005934067
1,0.9931275
0,0.00520606
0,0.00025301956
1,0.9957367
1,0.9859904
1,0.97516143
1,0.9908872
1,0.9955125
1,0.99225885
1,0.97019905
1,0.9936819
0,3.1560336e-05
1,0.9199882
0,0.017735694
1,0.9143577
0,2.660206e-05
0,0.00010993673
0,0.00011597153
1,0.98435366
1,0.90351355
1,0.99885255
0,0.00038281037
1,0.9886896
0,3.2026277e-05
0,0.0068672174
1,0.9815751
1,0.9993594
1,0.99880946
1,0.99496293
1,0.9794176
0,0.0069316826
0,0.0003519895
0,1.1916474e-05
0,0.00031350346
0,0.007837331
0,0.00020475354
0,0.007437121
0,0.00042689647
0,0.38841456
1,0.9959638
1,0.97822213
0,9.807538e-06
1,0.99294955
0,0.00042524684
0,0.00049803127
0,4.079798e-05
1,0.9976606
0,0.7592776
1,0.99959934
1,0.9786134
0,0.009550571
1,0.97560805
1,0.52790976
1,0.99381393
1,0.99483407
0,0.002205373
1,0.9982752
1,0.9981272
0,0.00065348664
1,0.99152786
1,0.9993075
0,0.001178654
0,0.00023293724
1,0.99853545
1,0.99935025
0,0.0012598148
1,0.9903413
0,0.0009964021
1,0.97425383
0,0.0006188806
0,0.0075731114
1,0.79174054
1,0.99869204
1,0.97502404
1,0.98788035
1,0.96573687
1,0.99687916
0,0.1897789
0,0.00015469108
0,0.10444994
0,0.00011921476
0,1.0014209e-05
0,2.4377741e-05
0,5.55929e-05
0,5.808269e-05
0,0.0003654377
0,2.4709238e-05
0,8.076575e-05
1,0.9938039
0,4.5907014e-05
0,2.0824038e-05
1,0.99991477
1,0.9217531
0,0.0002664083
1,0.99963605
1,0.9948454
1,0.9968894
1,0.9927903
1,0.89971775
0,0.00013111292
0,0.0019351958
1,0.99370223
1,0.98987406
0,6.3632997e-06
1,0.9954
1,0.99871206
0,0.00036911515
1,0.85633427
0,2.4627392e-05
0,3.8365266e-05
1,0.9994097
1,0.9791242
0,2.0921318e-06
0,4.587362e-05
1,0.9998636
1,0.9943279
1,0.99275005
1,0.9767979
1,0.97829664
1,0.9846355
1,0.9992115
0,0.015950229
0,0.00063584757
1,0.99375457
1,0.99449927
1,0.99728495
1,0.9881975
0,0.00041967852
0,9.4786286e-05
0,0.00023467692
0,0.00013326046
1,0.97338843
1,0.9974346
0,0.00010738704
1,0.9991088
1,0.8856454
1,0.99079335
0,2.3484728e-05
0,7.121913e-05
1,0.98126984
1,0.99970347
0,0.00011197872
0,0.00201612
1,0.9917193
0,4.584113e-05
1,0.99752927
1,0.59971124
1,0.98271614
1,0.9988138
1,0.95183533
0,0.002894157
1,0.99483585
0,0.0011170715
0,2.5383119e-05
1,0.9984732
1,0.9892108
1,0.9983692
0,3.9695144e-05
1,0.9980004
1,0.9683326
0,2.2870794e-05
1,0.97983176
0,0.00048319667
1,0.9352242
1,0.9996569
1,0.98117113
0,5.062603e-05
1,0.95250547
0,0.0022278302
0,6.7384055e-05
1,0.99395305
0,1.2889807e-05
1,0.99154955
0,8.6604545e-05
0,1.077597e-06
1,0.9970996
0,0.00713455
1,0.9937762
1,0.8661997
0,6.9782014e-05
0,0.005743125
1,0.9848847
1,0.99305665
0,0.98440266
0,9.1587935e-05
1,0.9986332
1,0.9990664
0,0.0015209633
1,0.9985222
0,1.4809812e-05
1,0.9980297
0,0.2904349
1,0.96162105
0,1.4459521e-05
0,0.0005618315
1,0.99982697
1,0.98226875
0,0.00016373441
1,0.997322
1,0.9995298
1,0.9985579
0,9.373507e-06
0,0.0011810468
1,0.9990322
1,0.9328336
1,0.9990487
1,0.941567
0,2.8972465e-05
0,0.00027050133
1,0.99264115
0,0.00010755358
0,4.5285145e-05
1,0.9699525
0,0.00022159316
1,0.9976001
1,0.99922764
1,0.9990898
0,0.000268316
1,0.99840665
0,0.00023456954
1,0.9824266
0,0.5244782
1,0.91440827
0,4.6347286e-05
1,0.9977365
0,0.000101135345
1,0.9252644
0,0.003827937
1,0.96681553
0,0.00019568646
1,0.9973296
1,0.995878
1,0.99932337
0,0.0001453206
1,0.99565744
1,0.9839727
1,0.9871565
0,0.00026096156
0,0.0010543495
0,0.0006024018
0,8.149461e-05
0,6.6251676e-05
1,0.82294613
1,0.9986259
0,0.00097455445
1,0.99440247
1,0.97141993
1,0.9947892
0,9.383588e-05
0,4.6214445e-06
1,0.88514245
0,0.00012180247
0,0.00011601324
1,0.99836475
0,0.00011580787
1,0.9985201
1,0.9978092
0,0.0009845777
1,0.99742407
1,0.99722606
1,0.99829334
0,4.8475602e-05
0,0.00019094859
1,0.6186369
1,0.46038678
1,0.99070024
0,0.0010191611
1,0.936507
0,1.0047068e-05
0,9.085628e-06
0,0.00022381486
0,7.819547e-05
0,2.7630256e-05
1,0.96037877
0,2.9930964e-06
1,0.99891055
0,0.000859565
0,2.1238655e-05
0,4.6533396e-06
0,9.241294e-05
0,0.00046881402
0,9.6695054e-05
0,4.2119816e-05
0,0.00019479032
0,0.00035014722
1,0.9998702
1,0.9746104
1,0.99142784
0,9.002071e-06
1,0.9950306
0,0.00014505576
1,0.88611674
1,0.82309544
1,0.9960401
0,2.669565e-06
0,0.036810055
0,3.2664775e-05
0,7.948867e-05
1,0.9965179
0,0.01466954
1,0.9363796
1,0.93073696
1,0.9983835
0,0.0007843255
0,0.00019731611
1,0.9981134
0,0.00046221307
1,0.979956
0,2.6015941e-05
0,0.00025107161
1,0.98725647
0,0.00037276046
0,4.6064888e-05
0,7.09047e-05
1,0.9706945
1,0.91084015
0,0.0026519583
1,0.8752834
0,4.0175906e-05
0,0.000818619
1,0.7973859
1,0.9513514
0,0.0014911941
1,0.9988336
0,3.0785916e-06
0,0.0005611826
0,1.2793696e-05
1,0.99754083
1,0.996059
0,0.0003454501
1,0.9803144
1,0.9989077
1,0.9983386
1,0.99515474
1,0.9988629
0,0.20491202
1,0.8212403
0,0.0011376675
0,0.28101316
0,0.00020007737
0,8.0472695e-05
0,0.002164322
1,0.9989896
1,0.97081196
0,0.0015879689
0,0.0044862935
1,0.97148407
0,0.00012272723
1,0.9926738
1,0.987556
1,0.9692355
0,0.20513779
1,0.99956435
0,0.048058707
1,0.9953218
1,0.99881214
1,0.9180519
0,6.375705e-05
1,0.782549
0,6.304364e-05
1,0.95017284
0,5.0304123e-05
1,0.9865877
0,0.0008324692
1,0.9997509
0,0.00028835257
1,0.99048173
1,0.97396296
0,0.022719996
1,0.99909455
0,6.311697e-05
1,0.9747616
0,2.4742503e-06
1,0.98605
1,0.9914007
1,0.9846811
1,0.99743384
1,0.99418604
1,0.98684627
0,3.4105156e-05
1,0.99785995
0,8.1798535e-06
1,0.95270133
1,0.99702924
0,1.379484e-05
1,0.81606984
1,0.99838775
1,0.9975947
1,0.9972232
1,0.99496347
0,0.00088322593
0,4.4725453e-05
1,0.99911875
0,9.168283e-05
0,0.00055744685
0,0.1704717
1,0.9989518
1,0.9962922
1,0.93315744
0,0.0008318289
1,0.93178177
0,0.00025798008
0,1.9971598e-05
1,0.9907421
1,0.99961644
1,0.9980366
1,0.9890756
0,0.007907329
1,0.98028415
1,0.87748116
0,9.9865734e-05
0,8.71451e-05
0,0.00023541265
1,0.9961553
0,6.930988e-06
0,6.794445e-05
0,0.00018179057
1,0.99557525
1,0.9964227
1,0.99961
0,2.1297576e-05
0,0.002469424
1,0.7428654
1,0.9944492
1,0.99697524
0,0.00012066817
1,0.96360517
1,0.9990358
0,0.00018765836
1,0.9698826
0,0.00030360604
1,0.9951836
0,3.3232252e-05
1,0.9987808
1,0.9997458
0,0.00042205985
1,0.9383685
0,3.6411846e-05
1,0.9921636
0,0.00014928509
0,0.00027985935
0,0.0005319306
1,0.9974531
1,0.9264468
0,8.611348e-06
1,0.9685374
0,2.098226e-06
0,0.0010216833
0,2.344722e-05
1,0.98865765
0,4.9541322e-05
0,5.208213e-05
1,0.9961362
0,0.00155607
1,0.9977578
0,0.0010427942
1,0.99624646
0,0.00047166646
1,0.9988267
0,0.21247388
1,0.97648793
0,0.0023006871
1,0.9976212
1,0.98566717
0,0.00040185038
1,0.9993812
1,0.9877737
1,0.9985111
0,6.88436e-06
1,0.93300116
1,0.9575426
0,1.0391728e-05
0,0.0253124
1,0.9250724
0,0.00026522376
0,0.008173038
0,2.6349726e-05
0,0.05168648
0,4.0578518e-05
1,0.9553201
1,0.99974704
0,0.10042475
0,0.00020594693
0,0.00046527095
0,1.4056563e-05
1,0.99589527
1,0.99923337
0,0.0027373286
0,0.0023891656
1,0.9890359
0,3.669801e-05
1,0.9976825
0,0.00018405306
0,0.002772662
0,0.00027239654
0,4.2076495e-05
0,4.3517746e-05
0,0.0059837154
1,0.96224093
1,0.99836135
1,0.97313625
1,0.9907574
0,0.00096476823
0,0.00061655743
1,0.9980715
0,0.0022263518
0,7.245974e-06
0,0.001230802
1,0.96607786
0,3.9273655e-05
0,9.350048e-05
1,0.9936407
0,0.43460262
1,0.9855964
1,0.9924236
0,3.949874e-06
0,1.2804608e-05
1,0.9459179
1,0.99885124
1,0.9996796
1,0.9897764
0,0.0014770735
1,0.9870185
1,0.9750011
1,0.99265283
0,8.362145e-05
1,0.96568125
0,9.197591e-05
1,0.9976574
0,0.0012153469
1,0.98775965
1,0.9974413
0,0.00022763382
0,2.0277164e-05
0,6.617275e-05
1,0.98638016
0,8.808762e-05
0,6.106002e-05
0,0.0056853513
1,0.9289269
1,0.99735457
0,0.20969918
0,0.0029835056
0,0.17424975
1,0.99476475
0,2.1563832e-05
1,0.9903728
0,0.32058227
0,6.52174e-05
1,0.99989927
0,0.00013508432
1,0.94916755
1,0.9749331
1,0.9843762
1,0.9918011
1,0.99828476
1,0.9707905
1,0.9374319
0,0.00017636082
1,0.9983033
1,0.9937392
1,0.9215466
0,0.0025094897
1,0.9997664
0,1.6176024e-05
1,0.9991587
0,0.0005171433
1,0.99976236
0,0.00027881222
0,6.382836e-05
1,0.9990411
0,0.0017068199
0,0.004508226
0,6.586563e-06
1,0.99494845
0,1.9188134e-05
1,0.9481243
0,0.0054136743
1,0.9998596
0,0.00013528671
0,0.00017522136
0,0.0014991502
1,0.99226284
0,1.1938314e-05
0,0.0005469574
1,0.99917626
1,0.98998266
1,0.94678694
0,0.00074909406
0,0.0014420397
1,0.8410571
0,8.726309e-06
0,0.00012949815
0,0.00018876056
0,3.2973037e-06
1,0.9968325
0,0.33492953
0,0.00032651267
0,3.3638953e-05
0,2.7529679e-05
1,0.75436014
0,3.940811e-05
0,2.9444926e-05
1,0.9994131
0,3.216947e-05
0,0.0002326753
1,0.98929834
0,0.0049645673
1,0.9987405
1,0.999673
0,8.338743e-05
0,8.1447455e-05
1,0.9979225
1,0.99632394
0,1.3287128e-05
0,8.3316925e-05
0,0.000102958584
1,0.99513036
0,0.0023754828
1,0.99592566
0,2.399711e-05
1,0.9953786
1,0.96587104
0,0.0024456275
1,0.98228693
0,1.2833727e-05
1,0.97162724
1,0.99677
0,6.489486e-05
1,0.9847732
0,0.15002315
0,4.1001418e-05
1,0.992586
1,0.944339
1,0.98664284
1,0.9988895
1,0.99007773
1,0.9980571
1,0.9937987
1,0.9963387
0,1.17195505e-05
1,0.9499999
0,0.012935204
0,2.438895e-05
0,9.535261e-05
0,1.3894483e-05
0,1.7094757e-05
1,0.9966718
1,0.9950761
0,0.00030827898
1,0.9989322
0,0.053586893
1,0.81345093
1,0.98295516
0,0.0005781251
0,0.0039253193
1,0.9998194
1,0.99927205
1,0.9985196
1,0.89905125
0,0.00010431266
0,9.446028e-05
0,0.00017279318
0,0.0031663284
1,0.99423647
1,0.99905115
1,0.96782434
1,0.99437165
1,0.9997117
0,2.2680724e-05
1,0.9774861
0,0.00048200524
0,0.000113729235
1,0.9977426
0,0.0003769522
1,0.9962928
0,0.001128331
1,0.9964981
0,0.00029555956
0,3.710364e-05
0,3.8687325e-05
1,0.84220725
1,0.97753775
0,9.4898794e-05
0,0.00016438158
0,0.00034114424
0,7.001531e-05
0,0.0021668803
0,6.876924e-05
1,0.9896617
0,0.00010888166
1,0.9985998
1,0.9599331
1,0.99518365
0,3.1869073e-05
0,7.9157144e-05
0,9.757383e-06
1,0.9971019
1,0.86871076
0,0.0005460989
0,6.0639144e-05
0,0.00012469925
1,0.8363137
1,0.9794545
1,0.99854004
1,0.9352314
1,0.9944286
1,0.9972654
1,0.92446846
0,0.0020011684
1,0.9973231
1,0.9912447
0,0.0004301054
0,0.0014110933
1,0.9984851
1,0.98573536
1,0.99963397
1,0.99863297
0,9.552663e-05
0,9.002017e-05
0,1.5798869e-05
0,0.00018741855
1,0.98428154
0,0.077724956
0,0.09809236
1,0.9695016
0,0.00050396734
0,0.0040611057
0,0.82237244
0,0.00028204347
1,0.9814375
1,0.9988938
0,7.03182e-06
0,0.9817999
1,0.9918419
0,1.8021788e-05
1,0.9087414
1,0.96415406
0,0.0013426553
1,0.99601775
1,0.95946026
0,6.301701e-05
0,0.00029048554
1,0.9764938
1,0.9955518
0,0.012918053
0,0.00022204533
0,2.9467512e-05
0,0.007971115
1,0.98667127
1,0.98998815
0,1.4159825e-05
1,0.98741233
0,3.9191786e-05
1,0.9981941
0,0.00011737343
0,0.000107706284
1,0.99923766
0,0.000495509
0,2.385373e-05
0,1.7803783e-05
0,6.0890805e-05
0,0.00015292983
1,0.9878865
1,0.9709617
1,0.9749885
1,0.9874946
0,7.256887e-05
0,6.503176e-05
1,0.9993986
1,0.9771821
1,0.99855345
0,0.043547798
1,0.8895297
0,0.00027170585
0,0.00033076896
0,0.012449225
0,0.0004861887
1,0.8218461
1,0.9975619
0,0.0012865635
0,2.5997937e-05
1,0.9996591
0,0.020585556
0,6.8393645e-05
1,0.99937165
1,0.98861885
0,0.16288567
1,0.8399726
1,0.9835861
1,0.998949
1,0.99886084
1,0.9529942
0,0.6100681
1,0.984208
1,0.9888909
0,9.0656176e-05
0,0.00012651764
1,0.99784154
1,0.9827629
1,0.9947177
0,1.0742226e-05
0,0.00018156641
0,0.000171853
1,0.98054487
0,0.0003452035
1,0.9979023
1,0.9802291
1,0.9764961
1,0.99234754
1,0.9951069
1,0.92988706
0,0.00032404574
0,6.714992e-05
1,0.99510425
1,0.99937886
1,0.98303026
0,2.3139477e-05
1,0.9809625
0,0.0007583499
1,0.995732
1,0.99131984
1,0.89337474
0,0.9352462
1,0.9994658
1,0.99759555
1,0.971257
0,7.236088e-07
0,0.18599056
1,0.99948305
0,0.00026596035
1,0.9990723
0,0.0011003781
1,0.9923895
0,4.8667334e-06
1,0.9625254
1,0.98976016
0,4.5320012e-05
1,0.98698854
1,0.9445886
1,0.9956928
0,0.34058788
1,0.991258
1,0.9937738
0,0.0043870867
1,0.9602761
1,0.35663795
1,0.9954632
0,1.9323987e-05
0,0.00029977696
1,0.97130996
0,0.6197944
0,8.91768e-05
0,1.6283531e-05
1,0.99845904
1,0.9968508
0,6.164872e-05
0,0.00012033597
1,0.99826217
0,0.11464046
1,0.9895366
1,0.97042495
1,0.9496824
1,0.9555171
0,0.0030310957
0,1.31201e-05
1,0.9887028
0,0.0019484201
0,0.0006895597
1,0.99871284
0,0.001915611
1,0.97238123
1,0.9918537
0,0.00010516158
1,0.9981195
1,0.8131828
0,0.0009655347
0,0.00031420842
1,0.9500363
1,0.9844888
0,0.00014556899
1,0.9989361
1,0.98478764
1,0.9858732
0,1.5340715e-05
1,0.99631244
0,0.00085936685
1,0.99926966
0,0.0011588687
0,0.0037175966
1,0.9139134
1,0.9997617
1,0.9967254
1,0.9725362
1,0.99852794
0,0.0007289199
0,0.0001335435
0,0.06846078
0,0.0006172233
1,0.9626944
1,0.9968337
1,0.98455155
0,0.00016035076
1,0.99686617
1,0.9985273
0,0.0023905593
1,0.99859387
1,0.9983896
0,2.626513e-05
0,0.00085057097
0,1.02212e-05
1,0.9886024
1,0.9937977
1,0.9997816
0,1.4733909e-05
0,7.233466e-05
0,1.914213e-05
1,0.8882094
0,0.15055971
0,0.012197643
1,0.93375814
1,0.99814785
0,0.0011114908
1,0.9976335
0,4.2109532e-05
1,0.9822856
0,0.00010626014
0,0.00012876649
1,0.9788645
0,0.04173541
0,0.5901817
0,0.0007081244
1,0.99609774
0,0.08584785
1,0.9987512
0,0.00034621268
1,0.9993825
1,0.99168366
1,0.9993112
1,0.9985194
1,0.99104106
0,0.0016555988
1,0.9997512
0,0.0047648298
1,0.9990058
1,0.98167586
0,0.0042818445
1,0.9997964
1,0.9359618
0,9.172357e-06
0,0.24108998
1,0.9861025
0,0.002694578
1,0.995481
0,0.00014223154
0,0.00020563553
0,0.0026258682
0,0.00039501823
1,0.997919
0,0.00045032141
1,0.99850076
1,0.9818479
1,0.97703636
0,2.891607e-05
1,0.906757
0,1.7300814e-05
0,0.06420731
0,0.00034013676
1,0.9960254
1,0.9764937
1,0.9532993
1,0.99605995
0,0.007884219
1,0.9472248
1,0.7855358
0,4.4277105e-05
0,0.7462349
0,0.0041368827
0,6.8560757e-06
1,0.9937806
1,0.996751
1,0.99488676
0,0.043645125
1,0.99825114
0,1.533191e-05
0,0.00091609504
1,0.987268
1,0.9281404
0,0.000610634
0,0.00025938716
1,0.9932698
1,0.97766817
1,0.9972657
0,0.0002978
1,0.99920046
1,0.9843209
1,0.99395674
0,4.7876158e-05
0,1.0703326e-05
1,0.9986892
1,0.99967784
1,0.9747771
1,0.96465886
0,5.363451e-06
0,8.8513596e-05
0,5.2733783e-05
0,0.00018259141
1,0.99937344
1,0.9972162
0,1.8010089e-05
1,0.9599186
0,0.00011991707
1,0.9980371
0,5.5669607e-06
1,0.9196147
1,0.9994619
1,0.91409576
1,0.9894607
1,0.9586772
1,0.97604054
0,7.741248e-06
1,0.9985779
0,3.937145e-05
1,0.9879691
0,0.5436943
0,0.00097419193
0,5.1236043e-06
0,8.736293e-05
0,0.006459719
0,6.6931893e-06
1,0.9970184
1,0.9964073
1,0.9938471
0,0.11698197
1,0.99820596
1,0.8488448
0,0.040383786
1,0.99753106
0,5.5238677e-05
0,0.0005175321
0,0.00023917574
0,9.987183e-05
1,0.99548984
0,1.211272e-05
0,0.00054491137
0,5.965367e-05
1,0.93579483
1,0.999816
0,0.11551365
1,0.99805176
1,0.9976052
1,0.9964348
0,4.217737e-05
0,0.00012403975
1,0.9886411
1,0.99706554
0,1.9820605e-05
0,8.27446e-06
0,2.6226959e-05
1,0.9443179
1,0.9955131
0,0.53896177
1,0.9983479
1,0.9996876
1,0.99920124
1,0.99959016
0,0.003737419
1,0.94893956
0,0.2802528
0,4.2890755e-05
1,0.9649438
1,0.99814206
0,2.6219832e-05
0,0.00022108223
1,0.9623645
1,0.997082
1,0.9914979
1,0.9947413
1,0.9912364
1,0.71736425
1,0.98953855
1,0.98949164
0,0.00040922835
0,3.5463298e-05
0,8.986871e-05
0,9.067468e-05
0,5.1717143e-06
0,0.00019119382
1,0.7386071
0,0.0005753738
0,0.00018631315
0,0.0012182943
0,8.838505e-06
1,0.9850348
1,0.99518764
1,0.954718
0,0.050532747
1,0.9986906
1,0.9992169
0,4.6589685e-05
1,0.996926
0,0.0005839221
0,0.0004879776
1,0.99309444
0,0.0008758995
0,0.00020857701
1,0.9997133
1,0.996896
1,0.99937266
1,0.98233306
0,0.0044429223
0,0.00016515754
1,0.9997673
0,3.621535e-05
0,1.992026e-05
0,0.00018625079
0,0.31407934
1,0.95062566
1,0.9989796
0,0.00015336323
1,0.99717134
1,0.99221075
1,0.719563
0,0.0010197603
0,9.937271e-05
0,0.0008453799
1,0.95285016
0,0.0069216066
0,0.00017775905
1,0.987647
0,0.045259524
0,1.154204e-05
0,0.0011934782
1,0.99120045
1,0.8918045
1,0.9757865
1,0.9990064
1,0.8873285
0,0.0003796094
1,0.9985217
0,1.0093915e-05
1,0.9986115
1,0.9407647
1,0.99378276
1,0.7791651
1,0.9187911
0,6.7042924e-06
0,0.00033741008
1,0.9229747
1,0.9706566
1,0.9918961
1,0.970949
1,0.9927282
1,0.9994035
1,0.9900188
1,0.9921864
0,0.0007488775
1,0.8060811
1,0.9936789
0,0.0011313198
1,0.99775606
0,1.617192e-05
1,0.99647504
0,2.871135e-06
1,0.99777603
1,0.99313736
0,0.0011044292
1,0.999546
0,4.087127e-06
0,0.00042749874
1,0.863247
1,0.9969288
1,0.99971354
0,0.00014620512
0,0.0020208575
1,0.9457
1,0.99084026
1,0.99884003
1,0.9410435
0,0.014375626
1,0.9974355
1,0.9965798
1,0.9898539
1,0.9908332
0,4.6028476e-06
1,0.994269
1,0.9992436
1,0.99877024
1,0.9949697
1,0.99485964
1,0.9391715
0,0.0014115779
0,0.0057205153
1,0.9972174
0,0.0026663698
0,2.1121425e-05
1,0.93371344
1,0.89716136
1,0.9993597
0,0.00013753878
0,3.5634155e-05
1,0.9604032
1,0.99852866
1,0.9958256
0,0.05201016
0,0.009698295
0,0.0003593101
1,0.9887616
1,0.84023774
0,0.002663768
0,1.2683246e-05
0,0.2984774
1,0.98969185
0,8.780198e-05
0,8.116686e-06
0,0.0003667617
1,0.99888265
1,0.993399
0,0.0016659937
1,0.9937943
1,0.89773643
0,0.00036228777
0,0.0002865706
1,0.9796004
0,0.00011916725
1,0.97401357
1,0.9989924
1,0.9440401
1,0.97773504
0,5.775422e-05
1,0.9597914
0,6.854571e-05
0,0.0013849972
0,2.7079786e-05
0,0.0028984754
0,7.781002e-05
0,7.2102403e-06
0,0.015243876
1,0.96081823
1,0.6786617
1,0.995085
0,0.0003031239
0,0.77595824
1,0.9808174
0,2.0653182e-05
1,0.99645406
1,0.9933749
0,0.00034098886
1,0.98946524
0,8.020488e-06
0,9.24869e-05
1,0.9996899
0,0.3764226
1,0.9911061
0,1.564155e-05
1,0.9994938
0,0.0005337839
1,0.9954479
1,0.9995076
0,1.294481e-05
0,2.0129617e-05
0,0.00012480264
1,0.9973245
1,0.9586132
0,5.225626e-05
0,8.4489366e-05
1,0.98848933
1,0.99880654
1,0.985465
0,2.3729579e-05
1,0.8113875
0,1.7401899e-05
1,0.87187856
1,0.99776006
1,0.99926955
0,1.1435206e-05
1,0.9839405
0,0.0043466375
0,0.002448046
1,0.99340993
0,0.0001408475
1,0.98053265
1,0.8181332
0,0.00064175116
0,0.49100807
1,0.99898505
1,0.99989575
1,0.99691594
0,0.0005213244
0,0.00023481122
1,0.9969987
1,0.9997911
1,0.9771766
1,0.91015893
1,0.99612856
1,0.99412435
1,0.9993961
1,0.9976549
0,0.00013430446
1,0.9928376
1,0.9989282
1,0.9977859
0,0.00012715466
0,0.0027182372
1,0.99393547
1,0.9987828
0,6.826892e-05
1,0.9994289
1,0.9974397
1,0.98542196
1,0.9981087
0,0.014400423
0,0.00020947104
1,0.8727945
1,0.9967295
0,0.0011305388
0,0.001450336
1,0.93851465
0,0.015122651
0,6.778764e-05
1,0.994942
1,0.9973032
0,5.6577133e-05
1,0.9986223
0,0.00010932131
0,0.0028647087
0,3.8922535e-05
0,0.00019237988
0,0.00088733854
1,0.99705195
1,0.9917746
0,0.005387222
1,0.98577756
1,0.9963954
0,0.0005526706
1,0.9990922
1,0.9809925
1,0.99991065
1,0.9993056
1,0.8333017
1,0.9992086
0,5.5817978e-05
0,0.8179948
1,0.99864024
0,0.00027824735
1,0.9952102
1,0.99831605
0,0.0002523036
1,0.995612
0,0.00012541727
1,0.94672024
1,0.7739705
0,0.0102396775
0,2.8957658e-05
1,0.99886227
0,3.9230417e-05
1,0.98633707
0,0.0024910565
0,0.000255952
1,0.99370825
0,0.00013119145
1,0.96262693
1,0.9997721
1,0.96659416
1,0.9960496
1,0.9488099
0,0.00040829822
1,0.99539393
1,0.99456304
1,0.9418207
0,4.6069457e-05
1,0.79861885
1,0.9892367
1,0.87755793
1,0.9873293
1,0.9820391
0,0.0003424457
1,0.9921284
0,0.0005672167
1,0.74856764
1,0.957119
0,2.1579426e-05
1,0.99891925
1,0.99939114
1,0.9988356
0,0.00032647373
1,0.9880817
0,1.9126092e-05
0,4.6864607e-06
0,2.8568393e-06
0,0.0010491457
0,0.0017854295
0,0.00080933626
1,0.9758262
0,0.00033288155
1,0.9983015
1,0.99061275
1,0.85285467
1,0.99758506
1,0.91851646
1,0.9901588
1,0.9640534
0,3.236012e-05
1,0.9974552
0,0.7977561
1,0.9962535
1,0.99961895
1,0.99596363
1,0.9969328
0,3.3366007e-06
0,3.606615e-05
0,0.0001059962
1,0.9104877
0,0.0023795574
1,0.985693
0,0.0005170285
0,7.637261e-06
0,0.0010002346
0,2.3559514e-05
1,0.96435493
0,0.00038711133
1,0.99964374
1,0.9398702
1,0.9990035
1,0.98997134
1,0.99629134
0,1.2408243e-05
0,0.009271579
1,0.959401
1,0.9857949
0,0.00017432579
1,0.9953649
0,0.00036007253
1,0.999305
1,0.9957232
1,0.98493344
1,0.9813101
1,0.99781793
0,0.00026898374
0,0.017984265
0,0.007963144
0,3.4985635e-05
1,0.9660578
0,0.00034787093
1,0.98008937
1,0.99065214
1,0.99245054
0,0.0043435926
0,1.2991893e-05
0,0.027771782
1,0.9978259
0,0.00044786432
0,0.000856178
1,0.96838486
1,0.99563694
0,3.1147538e-05
0,0.0010811043
1,0.99792296
0,0.013394809
0,1.2586572e-05
1,0.9940996
1,0.99512655
0,3.063899e-05
0,0.0004973185
0,0.45499653
1,0.99773455
0,0.00063405535
0,8.3428546e-05
1,0.9977031
0,1.1650427e-05
1,0.9842759
0,0.0018429882
0,0.0029713206
0,5.0738513e-06
0,3.548728e-05
0,0.0008671874
1,0.9017365
0,0.18381172
1,0.9940575
1,0.99840933
1,0.9982049
1,0.99656826
1,0.9994178
1,0.99977124
0,0.0021636907
0,2.0937661e-05
0,0.0004489937
1,0.9984156
0,0.00043554668
1,0.9998335
0,7.288554e-05
1,0.98618615
1,0.99965984
1,0.9291332
1,0.9868165
1,0.9984849
1,0.9991354
1,0.9974988
0,1.4159878e-05
0,0.0012914821
0,0.009286281
1,0.9879463
0,3.7354257e-05
0,9.187177e-05
1,0.99973637
0,9.180373e-05
1,0.97369367
1,0.95340276
1,0.94652206
0,3.0605286e-05
0,0.0004609896
1,0.9818922
0,4.35876e-05
1,0.96295214
1,0.997084
0,3.2904256e-05
0,4.9960392e-05
0,0.051371858
0,0.11384118
1,0.99845695
0,0.0058598197
0,3.454519e-05
1,0.99416876
1,0.9850892
0,0.0008724382
1,0.99419093
0,9.225978e-06
0,0.00012729951
1,0.9999555
0,4.304914e-05
0,0.0038137892
0,1.3230544e-05
0,3.0497872e-06
1,0.99939305
1,0.982048
0,0.00017381126
0,2.6137872e-05
0,7.770013e-05
1,0.9698296
1,0.986053
0,0.0006367098
1,0.99139684
1,0.99879473
0,3.3856315e-05
1,0.9123853
0,0.000455796
1,0.99774003
0,0.17155695
1,0.9949754
1,0.98857796
1,0.975053
0,0.0021420952
1,0.98962736
1,0.9004202
0,5.122764e-06
1,0.9977285
0,7.173791e-05
0,0.00075413793
1,0.9937229
0,3.1230462e-05
0,0.00048257873
1,0.9962871
0,2.6163583e-05
1,0.9685249
1,0.9925833
1,0.97541285
0,0.00036005868
1,0.9963093
0,0.006245733
0,0.00040008975
1,0.99927664
0,0.008989293
1,0.970946
1,0.99102384
1,0.9992231
1,0.99844366
1,0.97977203
0,0.0010756217
0,0.0011088252
1,0.99311817
0,6.916344e-05
1,0.99989015
1,0.69861174
0,8.8048146e-05
0,2.2729699e-05
1,0.98607147
1,0.999526
1,0.99874276
0,0.00012710836
0,1.0437335e-05
0,0.00013188545
0,0.0045376
1,0.99027646
0,0.0038447406
1,0.99214566
1,0.9488974
1,0.9935092
0,0.70223147
0,0.003940219
1,0.9945175
1,0.9967371
1,0.9717717
0,0.0002735122
1,0.94867593
0,0.00037924337
1,0.9992089
1,0.9994866
0,0.000103206294
1,0.7676165
0,7.919778e-06
1,0.99591273
1,0.9223474
1,0.8762026
0,6.1512656e-05
1,0.99184203
1,0.98972493
0,0.009381536
1,0.99437386
1,0.9939209
1,0.6203205
1,0.99671316
0,3.6875837e-05
1,0.99444425
0,6.885441e-05
1,0.9930853
1,0.99878395
1,0.9973416
1,0.97693765
0,0.00073021767
0,0.045149293
1,0.99890655
0,0.00018214522
0,0.00017839168
0,0.0006241704
0,3.2706695e-05
1,0.9967971
1,0.9865747
1,0.95010245
1,0.98956764
1,0.9979596
0,1.5599793e-05
0,4.2477117e-05
0,2.1530786e-06
1,0.99133414
1,0.951179
0,4.747634e-05
0,8.361748e-05
0,0.00034664964
1,0.8088961
0,7.957923e-05
0,0.0023141692
0,0.001349811
1,0.98984015
0,1.1007764e-05
0,0.43620872
1,0.9951479
0,0.0017915368
0,0.0006137713
1,0.94909865
0,0.00025392315
1,0.99806964
1,0.98840106
0,0.00024991567
0,0.0001687974
1,0.9938609
0,6.9554876e-06
1,0.8936604
1,0.81997883
1,0.995408
1,0.99467254
0,6.9077137e-06
1,0.99486864
1,0.9819792
1,0.990049
0,1.2649917e-05
1,0.98948866
0,3.0940184e-05
1,0.9882825
1,0.98298156
0,8.397152e-06
0,3.7402766e-05
1,0.9844387
1,0.9992187
1,0.87537104
1,0.9387546
0,0.00085272023
1,0.99932134
0,2.3917626e-06
0,0.0003060846
1,0.9974068
0,1.635771e-05
1,0.9928048
1,0.9966697
0,9.772693e-06
0,0.0003598687
1,0.9883706
1,0.9988514
1,0.9554079
1,0.99960935
1,0.9998308
1,0.92039734
1,0.9530694
1,0.9990202
1,0.99509877
1,0.9996131
1,0.9809809
0,0.05443642
0,0.0008341849
1,0.9708237
1,0.99215305
1,0.9986285
0,6.458542e-05
1,0.97687376
0,4.020335e-05
0,0.00013519451
0,0.0025821065
1,0.996762
1,0.97789884
1,0.9927072
1,0.946838
1,0.9968541
1,0.99857473
1,0.99663097
0,0.0007548321
0,0.0026380839
1,0.99770856
1,0.99733645
1,0.9929728
0,0.00040072817
0,0.008468962
0,1.5886311e-06
0,0.00019297274
0,0.0019273502
0,7.3490075e-05
1,0.98906994
1,0.99361414
1,0.99748147
0,0.00018858734
1,0.9919288
0,7.0064794e-05
0,0.00463617
0,0.00025220332
1,0.96889067
0,0.49447346
1,0.99395853
1,0.99225265
1,0.93932396
0,0.00025890142
0,3.2191936e-05
1,0.9886607
0,0.0003421039
1,0.99470645
0,0.030082762
0,1.2152361e-05
0,0.016862977
1,0.95749265
1,0.99710304
0,2.0466114e-05
1,0.9994956
1,0.99811894
1,0.9924399
1,0.8366349
1,0.99751973
1,0.9795325
0,3.3311644e-05
1,0.9993418
1,0.9870408
1,0.97984654
1,0.99990207
1,0.9991545
0,0.0119695375
0,1.5622334e-05
0,0.00031187816
1,0.99625653
1,0.8207388
0,5.476228e-05
0,4.1445505e-06
0,3.5261935e-05
0,0.0020583968
1,0.9873305
0,9.275647e-07
1,0.8532384
1,0.9942471
0,0.00021715586
0,0.0037818484
0,0.00012708508
0,0.00011222105
0,0.0016135006
1,0.9959824
1,0.93001914
1,0.99897844
1,0.9934356
0,6.195311e-05
1,0.9969802
1,0.9932109
0,0.052008223
0,0.56225777
1,0.971414
1,0.9947765
1,0.98073584
1,0.9938362
1,0.99142426
0,8.005784e-05
0,0.00024987137
0,0.0010980552
0,0.00030880762
1,0.99499846
0,0.00030207727
0,0.00021936528
1,0.9917008
0,0.0001880058
0,0.0016468366
0,0.000801841
0,1.7114442e-05
1,0.9853276
1,0.99064004
1,0.8261594
0,0.0013205324
1,0.97991294
0,2.4969686e-05
0,0.5976829
0,0.057862617
0,0.0025946617
0,0.00012363144
0,0.00013847799
1,0.9921072
1,0.97214836
1,0.99375033
1,0.98308706
0,0.035810422
0,0.00070706964
0,0.0050940057
1,0.9854824
0,0.0017796735
0,1.0095716e-05
1,0.9964752
1,0.9960251
1,0.6114542
1,0.9989034
0,0.0003222051
1,0.8989726
1,0.6158191
1,0.966234
0,0.0004900666
0,6.444645e-05
1,0.9748041
1,0.9834607
0,0.41260725
0,3.1833348e-05
1,0.9020041
0,3.1176837e-06
1,0.9993292
1,0.99989885
1,0.9998389
0,0.00014765968
0,0.00016842391
1,0.96492535
1,0.98315454
1,0.9271496
1,0.9411028
0,0.00034910065
0,0.00027548784
1,0.99396735
1,0.99654526
0,1.1907227e-05
1,0.99896544
0,4.179312e-05
0,3.7959377e-05
1,0.99747854
0,0.00013636779
1,0.604396
1,0.9973652
1,0.96132517
0,0.00022375255
1,0.58326644
1,0.983243
1,0.99606895
0,0.0022820833
1,0.95849216
0,0.008495845
0,4.705481e-06
0,0.00024460637
0,0.00038795514
1,0.99865097
1,0.9884599
0,0.0014021464
0,5.3862695e-05
0,0.00016606983
1,0.93648744
1,0.9882244
1,0.97967076
1,0.9985357
1,0.9737873
1,0.9744566
1,0.8834114
0,0.005755961
0,9.777877e-06
1,0.9994454
1,0.9778437
1,0.9791606
1,0.818265
0,0.00013901474
0,0.000102115744
1,0.99920344
0,1.259965e-05
0,3.9180017e-05
0,0.0059142224
0,7.370976e-05
0,0.0020869512
0,0.0016924606
1,0.9302172
0,7.331026e-05
1,0.993701
0,0.00017226068
1,0.9949267
1,0.99292064
1,0.9942552
1,0.9926288
1,0.9928791
0,7.081476e-05
0,0.0010205077
0,0.00014402196
1,0.999764
1,0.97252834
0,6.758277e-05
0,2.1006063e-05
0,5.8716327e-05
1,0.9484158
0,0.57684505
0,3.0154384e-05
1,0.99869835
0,7.482246e-05
0,0.00031817754
1,0.9541322
1,0.98564994
0,1.1860094e-05
1,0.91337484
0,1.8094548e-05
0,0.00019642449
1,0.9802247
1,0.9907176
1,0.9980675
1,0.77260685
1,0.98448914
1,0.367662
0,0.0005202276
0,7.369837e-05
0,0.0011510695
0,0.00032176432
0,5.7096266e-05
1,0.99392617
1,0.9979903
0,3.2839434e-05
0,0.0012019393
0,0.03807646
1,0.695715
1,0.99933124
0,0.00044526678
0,1.3837953e-05
0,0.0017923334
0,7.946155e-05
1,0.98330015
0,0.0009166778
0,4.341855e-05
0,0.00017505133
1,0.9999014
0,0.0006572241
1,0.99835795
0,2.7037283e-06
1,0.9313907
1,0.99938834
0,0.00013694765
1,0.9973566
1,0.9945174
0,1.8883342e-05
1,0.99943584
1,0.9986611
1,0.99732983
0,0.0045725014
1,0.9990833
0,0.0017097049
0,7.7997975e-05
0,9.696394e-05
0,0.0005272382
1,0.99897534
1,0.9949414
0,0.0027432381
1,0.9897437
1,0.9942491
0,5.9705795e-05
1,0.997622
0,0.0016519278
1,0.9954885
0,4.4819943e-05
0,5.4267683e-05
1,0.9705839
0,7.470376e-05
0,0.00066654664
1,0.99850565
0,1.8500406e-05
1,0.9963116
0,0.0010357192
1,0.9337715
0,2.3111425e-05
0,6.9777685e-05
0,0.00021977205
1,0.87728715
1,0.8097256
1,0.99080855
0,0.00024753998
1,0.9971163
1,0.9946422
0,0.0002147591
1,0.9397723
1,0.9692703
1,0.9988467
1,0.99759537
1,0.9957412
1,0.96947545
1,0.94768053
1,0.9988241
1,0.9571091
1,0.99078935
0,1.1123094e-05
0,0.00067565474
1,0.88942784
0,0.0004017236
1,0.63428986
1,0.99668217
0,0.0013596651
1,0.9986563
0,0.00028255378
0,1.36957815e-05
0,0.000534539
0,0.00012912083
0,5.6838548e-05
1,0.9923496
1,0.9447826
0,0.00028758854
1,0.992775
1,0.9309298
1,0.9984972
1,0.9963012
0,0.00015132925
1,0.981976
1,0.99968606
0,1.8810728e-05
0,8.1491264e-05
1,0.9900656
0,0.003105282
1,0.9922667
0,8.636645e-05
0,4.9816907e-05
1,0.9982358
0,9.181476e-05
1,0.91643035
0,0.00025920992
1,0.98803675
0,0.0004795959
0,8.431584e-05
1,0.9984528
0,0.0011239477
1,0.9995452
0,0.002462611
0,0.00023604847
1,0.99844694
0,0.000287789
0,0.0006545341
0,0.000924656
1,0.7021065
1,0.9976295
1,0.9429109
0,0.0001974027
0,6.3968495e-05
0,0.0006081255
1,0.9995271
0,7.631872e-06
0,0.00082266575
1,0.77911544
0,6.094379e-05
0,0.00067815586
1,0.99965405
0,7.526774e-05
0,0.6861506
1,0.999803
1,0.9943261
0,0.0004664306
0,0.6184342
1,0.8448783
0,0.22845742
0,0.0012167739
0,0.013780082
1,0.9950153
1,0.9992494
1,0.99844867
1,0.9085591
1,0.8185584
0,0.00013053782
1,0.9491683
0,0.0003289118
0,1.3617924e-05
1,0.98571134
0,0.09001481
1,0.91858196
1,0.99564916
1,0.9996561
1,0.95862836
1,0.9836818
1,0.9864299
1,0.99133
0,0.0065544955
0,0.00027790217
1,0.8673088
1,0.99056077
0,8.164754e-05
1,0.9974174
1,0.9943259
1,0.98826075
1,0.99868935
0,5.5112505e-05
1,0.99851847
1,0.8516322
0,4.2888632e-06
0,0.0011983612
1,0.93891877
1,0.9951733
1,0.9927093
1,0.99468625
0,0.00010808202
0,0.00014183714
1,0.98558384
1,0.99234754
0,0.003281844
1,0.9995165
0,0.00016923994
1,0.8828572
0,6.697756e-05
1,0.9910747
1,0.99855494
1,0.973137
1,0.9792322
1,0.9914721
1,0.8367881
1,0.99912006
0,0.0015303312
0,0.00019193193
1,0.98739517
1,0.99382085
1,0.917114
0,0.0013416889
0,1.6347278e-05
1,0.99439496
0,0.09357013
1,0.99720556
1,0.9750964
0,0.00037367857
1,0.99498206
0,0.00016513519
0,3.6884034e-05
1,0.98495203
0,0.0009968588
0,0.0038835285
1,0.99562657
1,0.9979426
0,0.0017450583
1,0.99474484
0,0.00038459228
0,0.0002695236
0,0.000585629
1,0.989915
0,0.000104181636
1,0.9922765
1,0.9979466
0,0.00092593266
0,0.00020158247
1,0.7481076
0,0.0012398638
1,0.9821619
1,0.72460324
1,0.9881162
0,2.9500443e-06
1,0.70216876
1,0.99290717
1,0.96601284
1,0.99733526
0,2.5931105e-05
1,0.9974107
1,0.96080565
0,3.5062254e-05
1,0.99754226
1,0.959862
1,0.9972039
0,0.00039020192
1,0.99160564
1,0.9960513
1,0.9976629
0,2.6753843e-05
1,0.9568747
1,0.99806887
1,0.68105024
0,1.100408e-05
1,0.9829987
1,0.97429675
0,0.0002942659
1,0.99653953
1,0.75690126
1,0.9992958
1,0.99835014
0,0.00021675661
0,3.869445e-05
0,0.1467336
0,8.185998e-05
1,0.9962449
1,0.9911242
1,0.994327
1,0.9681117
1,0.999194
1,0.9993053
1,0.9977198
1,0.96136606
1,0.99755985
1,0.9965948
1,0.997899
0,0.0001447166
1,0.99876064
1,0.8832034
1,0.9958101
1,0.99665767
1,0.8913447
1,0.99228394
0,0.00037176695
0,0.00015673424
1,0.9941945
1,0.91413033
0,0.00012543054
0,0.06294695
0,0.0005962916
1,0.9996671
1,0.9822983
1,0.99447006
0,2.8209988e-05
1,0.9883639
1,0.9999058
1,0.976809
0,0.00052915636
0,0.00032389903
0,3.7272875e-05
1,0.8584152
1,0.9699324
1,0.978302
1,0.97960436
1,0.9981556
0,3.626913e-05
0,0.0020628802
1,0.90545374
0,0.00027610868
0,1.0255852e-05
1,0.9531301
1,0.9973144
1,0.99561894
0,0.01494293
1,0.74653685
1,0.9940718
0,2.8610259e-05
0,3.072718e-05
1,0.97811663
1,0.9919684
0,0.00092506886
1,0.97736275
0,0.0028522643
0,5.0754614e-05
1,0.9090652
0,0.0013318566
0,3.976872e-05
0,0.06869011
0,0.0057800952
1,0.72177196
0,8.483552e-06
0,9.278601e-06
1,0.99741423
0,6.474181e-05
0,0.00070739863
0,0.00069135666
1,0.9737433
1,0.995074
1,0.9997397
1,0.98911357
1,0.9589255
0,2.9681107e-06
0,6.5980814e-05
0,0.00057959155
0,8.057805e-05
1,0.9925009
0,1.7985818e-05
1,0.94615734
0,1.8662511e-05
1,0.9367092
1,0.91359496
0,0.023159903
0,0.00025292888
0,0.00088292727
0,0.0003739259
1,0.99978393
0,5.544655e-06
0,0.0013521378
1,0.99866176
1,0.9834663
1,0.9749613
1,0.99624205
0,0.00012585356
1,0.9945179
1,0.9859605
1,0.9887431
0,5.2925272e-05
1,0.9924305
0,4.0369086e-05
1,0.9933076
1,0.99886066
1,0.9641604
1,0.9871852
0,0.00067268254
1,0.9997043
1,0.9939577
1,0.9959863
1,0.9637994
0,2.132603e-05
0,0.0002487046
1,0.9966932
0,0.00032011696
0,3.0498128e-05
1,0.9972491
0,0.00017332008
0,0.0019165658
1,0.92318183
0,2.7087768e-05
0,0.00079209893
0,0.00031530432
1,0.9998007
0,0.007445109
0,0.00021282138
0,1.266532e-05
0,0.002793897
1,0.9988693
1,0.98657304
0,0.00019737182
1,0.993189
1,0.98912734
0,0.0073343613
0,1.2512574e-05
1,0.9914447
0,1.1687262e-05
0,8.655386e-05
1,0.93542594
1,0.9933023
0,4.4577995e-05
0,3.1568223e-05
1,0.98695993
0,8.755033e-06
0,0.0018863397
0,8.2409264e-05
0,0.00034591393
1,0.97275066
0,0.00013329997
1,0.99949867
1,0.9734026
1,0.7941278
0,0.0037390117
0,0.0022733698
1,0.99946934
0,0.00021822813
1,0.99896574
1,0.98224926
0,0.00013344966
1,0.9567543
1,0.9709209
1,0.9994735
0,0.00021359714
0,6.801076e-05
1,0.98513454
0,1.8826737e-05
1,0.9977632
0,2.0855996e-05
1,0.9982797
0,4.130614e-06
1,0.99210334
1,0.99125093
1,0.64324373
0,3.273506e-05
1,0.932799
0,0.00021855545
1,0.97723925
1,0.9334366
1,0.9924909
0,0.0031958886
1,0.85534525
0,0.25968808
0,4.4819513e-05
1,0.99731916
0,7.8686244e-05
1,0.9832553
1,0.99901104
1,0.99892634
1,0.9370573
0,0.00026450606
0,9.6374795e-05
0,2.8947828e-05
1,0.9923574
0,0.00046107703
1,0.99953926
0,0.014350783
0,2.7833154e-05
0,0.030735886
1,0.99926096
0,1.2981564e-05
0,4.983491e-05
0,6.4032705e-05
1,0.9966842
0,2.9185936e-05
1,0.9976743
0,0.00025272442
1,0.99904275
1,0.99863327
1,0.9990605
0,0.00041039096
1,0.97515184
0,0.00021877354
0,0.0011821532
1,0.98051286
0,7.628874e-06
1,0.98841864
1,0.9987096
0,0.00023030266
1,0.9949706
1,0.96115637
1,0.9912388
0,0.014825687
1,0.9315554
1,0.9897262
1,0.9988693
1,0.9835675
1,0.9977857
0,0.0020948357
0,2.9480161e-05
1,0.9995782
1,0.9986468
1,0.9757253
1,0.9737532
1,0.9895679
0,0.00023232507
0,0.0011504616
0,0.00025992957
1,0.9979765
1,0.99920934
1,0.98844874
1,0.997292
0,9.230998e-05
0,0.00025429067
1,0.99960965
1,0.9975816
1,0.9908539
1,0.9969554
0,0.0010106297
1,0.9833116
0,0.00014952256
1,0.998938
1,0.9880753
0,0.061558053
1,0.99697703
0,6.245188e-06
1,0.9983011
0,3.067589e-05
1,0.9989587
0,2.9340094e-05
0,0.8403307
1,0.87807816
1,0.9612548
0,0.00014880515
1,0.99022096
1,0.9930284
1,0.9987533
1,0.99046874
0,9.396572e-05
1,0.9947383
0,8.421523e-05
1,0.99748755
1,0.9996008
1,0.99490213
0,8.9327965e-05
1,0.9866804
0,0.0014824423
0,2.3998555e-06
1,0.99359214
0,0.00071869383
0,0.012443107
1,0.9995918
1,0.9806852
1,0.92030454
0,6.0932516e-06
1,0.9897739
0,0.00091600517
0,5.6464647e-05
0,0.11284242
1,0.95685166
1,0.9604707
1,0.99769413
1,0.99311703
1,0.8442984
1,0.99800056
0,0.00013450644
1,0.9870913
1,0.9995592
0,8.079192e-06
1,0.9845596
1,0.9844427
0,0.02076988
1,0.9684115
0,1.4950354e-05
1,0.96292424
0,6.677635e-05
0,0.00045804714
0,0.0003551258
1,0.9645064
0,9.430071e-05
0,5.525541e-06
0,2.3153914e-05
1,0.99520934
1,0.9841702
0,0.00027840523
1,0.9834434
1,0.9995753
0,2.1680004e-05
0,7.5311277e-06
1,0.99953717
0,0.001209819
1,0.9983056
1,0.9991204
0,0.0007089046
1,0.99378645
0,8.633064e-05
0,6.063203e-05
1,0.9820882
1,0.9981817
1,0.99154043
1,0.9912312
0,0.1806465
0,0.3465953
1,0.99867755
0,0.0032651392
0,0.0008186455
0,0.0015383903
1,0.9764003
0,4.32813e-05
0,0.0030644014
0,1.9292904e-05
1,0.6809374
1,0.9885405
0,0.00014022343
1,0.75629586
0,0.0042274427
1,0.9923029
1,0.9838447
0,0.0003396238
1,0.9925288
1,0.9978754
1,0.94381225
1,0.9961208
0,0.00014614157
1,0.98702586
1,0.99711984
0,0.003418554
1,0.99967223
0,3.5018144e-05
0,0.005102398
1,0.9490574
0,0.00016244277
0,0.0001434094
1,0.99635255
1,0.99152046
0,3.806846e-05
1,0.9039913
0,0.0005402003
0,0.024073748
0,4.765503e-06
0,0.00022972345
0,7.672141e-06
0,0.0003894852
0,0.0002863961
1,0.98090965
0,0.0011866887
0,0.99914426
1,0.95229197
0,0.0008419408
0,0.0011071865
1,0.99209756
0,0.0011783072
0,0.010543916
1,0.99804
0,0.0011752398
1,0.9716193
1,0.9922346
1,0.9962084
1,0.9884065
0,0.0006362691
1,0.99711335
0,6.2225896e-05
1,0.24078189
1,0.98880607
1,0.99447495
1,0.99692744
0,4.2497537e-05
0,0.00037025157
0,0.043640964
1,0.99340296
0,0.0034271018
1,0.9387928
0,5.444371e-05
1,0.81447405
0,0.0010060233
0,6.3044965e-05
1,0.8054676
1,0.84347
1,0.4602334
1,0.9921623
0,0.00038540064
1,0.9968968
1,0.99702114
0,0.0022944794
1,0.9989358
1,0.99923855
0,5.050827e-05
1,0.8647485
0,0.78942525
1,0.9888806
1,0.9823048
1,0.99287933
0,0.00024722487
1,0.9997032
1,0.9189939
0,3.195681e-05
0,0.0005060715
1,0.94833505
0,0.008929507
0,0.00033760327
0,0.00017376752
0,6.636714e-05
1,0.9941153
1,0.9994746
1,0.9962457
1,0.99919564
1,0.99502224
1,0.9526764
0,0.00033358874
0,7.0652815e-05
1,0.9930793
1,0.9698383
0,0.0017020727
0,0.00021544739
1,0.9993231
1,0.9951862
0,0.00075357297
1,0.99660367
1,0.9953257
1,0.99065524
0,7.029474e-05
1,0.99210864
0,0.00016034755
0,0.0015335134
0,0.002295768
1,0.9955997
0,0.00086441543
0,0.00019621034
0,0.00033171757
0,2.5542851e-05
0,9.193866e-06
0,9.517957e-05
1,0.92736775
1,0.99960953
0,7.3343376e-06
0,0.009916838
1,0.9993157
0,0.0029071248
0,0.0021005182
1,0.96169704
0,0.00072174537
0,2.2710807e-05
1,0.65699255
1,0.9969657
1,0.9886759
0,3.7142545e-05
1,0.99407524
1,0.99981654
1,0.9979103
1,0.8519082
0,7.737934e-06
1,0.9954768
1,0.97342944
0,0.0003941326
0,0.010597223
0,7.846745e-05
1,0.98177755
1,0.99676317
0,0.00011604
0,2.9197909e-05
0,1.8860756e-05
1,0.99792486
0,0.0024573223
1,0.9975225
0,5.803596e-05
1,0.99368834
1,0.9969177
1,0.98007333
1,0.9952691
0,0.00037060893
1,0.81912065
1,0.9794964
1,0.9803393
0,6.5010994e-05
0,1.162938e-05
1,0.99896985
0,0.038115375
1,0.9675945
1,0.99898463
0,0.14072256
0,0.001278537
1,0.9983025
1,0.96979725
1,0.97302014
0,7.1910536e-06
1,0.99657136
1,0.99835145
1,0.99973005
0,0.00025735857
0,0.00019315958
0,0.0010594836
0,8.7586894e-05
1,0.9905963
0,0.02875794
0,1.9555908e-05
1,0.99081826
1,0.90084666
1,0.9974327
1,0.9988858
1,0.88114446
0,7.7415614e-05
1,0.9633799
1,0.999024
0,9.39443e-05
0,0.00015537463
0,4.004303e-05
1,0.99854636
1,0.9975282
0,0.00062509405
1,0.945988
1,0.8882554
1,0.99546707
0,1.4586052e-05
0,2.501776e-05
1,0.99052835
1,0.96052897
1,0.9992581
1,0.9991373
1,0.993595
1,0.9712417
0,6.8677045e-06
0,8.606035e-06
1,0.63929623
0,3.798668e-05
0,0.001852317
1,0.9759462
0,0.0041607167
0,0.00012736325
0,0.0001883907
1,0.99541336
1,0.94710755
1,0.968972
1,0.99697244
0,0.0002303143
0,0.00023269306
1,0.98764604
1,0.996125
0,0.000147738
0,0.026753107
1,0.9776688
0,0.0002479713
0,4.9357554e-05
0,0.0010239547
1,0.9980383
0,7.692272e-05
1,0.98921347
0,0.012436448
1,0.9967336
0,7.00294e-05
0,0.00027772895
0,6.299454e-05
1,0.9925969
0,0.00013853531
0,0.0026569534
1,0.9961962
0,0.0017638869
0,0.04012316
1,0.70591503
0,0.00038940134
0,0.0034686446
1,0.998531
1,0.9841799
0,4.224379e-05
0,0.0010190626
1,0.99829847
1,0.9979794
1,0.9743757
1,0.9996341
1,0.99453646
1,0.9965742
0,1.18168755e-05
0,7.022399e-05
0,5.433928e-06
0,0.0005304031
0,0.00034320232
1,0.89017004
1,0.97067434
0,4.801717e-05
1,0.9985247
1,0.92905146
0,4.203587e-06
0,0.00015213035
1,0.9957063
1,0.99775785
0,0.0021052256
1,0.993951
1,0.99261737
0,0.0032296467
1,0.956232
0,0.018975677
1,0.9963259
0,1.1300539e-05
0,0.0002110162
0,1.5865335e-05
1,0.9952693
0,4.5212573e-06
1,0.99530077
0,0.00032656747
1,0.9982846
1,0.8339603
1,0.9602865
0,0.014634884
0,0.0002513219
1,0.9983962
0,0.0049407766
0,1.4589599e-05
1,0.9924133
0,2.1255495e-05
0,8.3279905e-05
1,0.99465406
0,0.0011750881
0,0.00228289
0,7.769102e-05
1,0.9872947
1,0.9963225
1,0.99743253
1,0.9986235
1,0.9792082
1,0.9998343
1,0.9598576
1,0.98307896
1,0.82297933
1,0.99367416
1,0.99947417
0,0.001385705
1,0.99502534
0,9.322653e-05
1,0.99715424
0,0.00030836687
1,0.9958504
1,0.93315184
0,5.2220043e-05
0,0.00010192323
0,1.1040417e-05
1,0.9958555
0,0.00055566314
1,0.99836177
1,0.9991594
1,0.9899953
1,0.99313015
1,0.99930775
1,0.9381778
0,1.4400704e-05
1,0.99975514
1,0.9923519
0,0.00021811682
0,0.0008293865
1,0.9995708
1,0.93511
0,0.024753768
1,0.97335815
0,0.0005082873
1,0.9984427
1,0.9552405
1,0.9954089
1,0.6183901
0,7.8213445e-05
1,0.97897696
1,0.9992767
0,0.0002813589
0,0.007634956
1,0.94987684
0,3.3947552e-05
0,0.16232716
1,0.9986826
1,0.99683553
0,3.730541e-05
1,0.94892067
1,0.9962079
0,0.0002496735
1,0.9983582
0,4.1310846e-05
1,0.99375284
1,0.9975432
0,0.00016076272
1,0.9640577
1,0.9721402
0,0.004794653
1,0.9991639
0,0.44267792
1,0.99903923
1,0.9945382
1,0.9394054
1,0.9978295
1,0.99783224
1,0.9863691
0,3.738943e-05
1,0.99853677
0,8.5153275e-05
1,0.999135
0,7.4258255e-06
0,9.191752e-05
1,0.99984545
1,0.93992054
1,0.9987865
0,6.9641086e-05
1,0.9968188
0,0.0001899082
0,0.41085693
0,4.2374315e-05
1,0.99845046
1,0.99430627
1,0.99816537
1,0.7595762
0,0.0014916699
1,0.99140036
0,0.00016346922
1,0.9937086
0,0.8059882
1,0.99941677
0,8.542792e-05
0,1.7218812e-05
0,0.0027209506
1,0.9996235
1,0.9366436
1,0.9741752
0,0.00049045007
1,0.9973047
0,0.0003037181
0,0.00013324647
0,3.8651524e-05
1,0.9836603
0,2.4517128e-06
1,0.9886376
1,0.99132353
1,0.98900396
0,8.150078e-06
1,0.9987127
1,0.9908769
0,3.427699e-05
0,0.000403927
1,0.999761
1,0.97696084
0,0.06367117
1,0.9990479
1,0.9801557
1,0.9921254
0,0.0004914561
0,0.0009736018
1,0.99916434
1,0.9971324
0,0.11454696
1,0.9882777
0,3.6198293e-05
1,0.9975704
1,0.9990857
1,0.9817341
1,0.9914
0,0.0028029534
1,0.87156606
1,0.9993152
0,4.8845624e-05
0,0.40234184
0,1.05482e-06
0,2.1508831e-05
1,0.992032
0,0.00044665227
0,4.484739e-05
1,0.35452232
1,0.9409923
1,0.9473344
0,5.6889853e-06
0,0.00017711782
1,0.9946253
0,3.0126213e-05
0,0.005648667
1,0.96904826
1,0.9566032
0,0.19166628
0,0.0019367316
1,0.98286664
1,0.76022947
1,0.96999323
1,0.9843708
0,1.7863817e-05
1,0.9995362
0,0.17916928
0,0.0023494118
0,0.0031768694
0,0.0057140016
0,0.00038589805
0,0.00346904
0,0.0001558493
0,3.4488246e-05
0,5.0092254e-05
0,4.756141e-06
1,0.9989436
1,0.99938565
0,1.155746e-05
1,0.96415323
1,0.9136503
1,0.99842006
1,0.9832264
1,0.9708822
1,0.9998777
1,0.9662757
1,0.9961071
0,0.0023847239
0,9.139944e-06
0,0.011902128
0,3.0189285e-05
0,0.00045129668
0,0.00113087
0,3.829394e-06
1,0.99428314
1,0.9946216
1,0.999324
0,0.0005029476
0,0.000118035074
0,0.00067369215
0,4.3647004e-05
1,0.99940276
0,0.00490179
1,0.9992466
1,0.9442895
0,0.0016423496
1,0.9624568
1,0.9541717
0,0.0008323963
0,0.008667419
1,0.76754373
1,0.999719
1,0.99771637
0,0.0023472237
0,0.00059771526
1,0.99034184
1,0.9785801
1,0.9874999
1,0.9991109
1,0.9948077
0,0.00039688646
0,0.0008406446
0,6.827146e-05
1,0.996921
1,0.9868232
0,0.0099117085
0,0.0029029674
1,0.9896725
0,0.0023169762
0,0.0018183509
1,0.9860176
0,0.0018927717
0,0.0015008422
1,0.96815664
1,0.9651701
0,0.0042637093
0,0.00037670814
0,0.00012436285
1,0.9985474
0,3.6254263e-05
1,0.99970716
1,0.99057114
0,3.0034793e-05
0,1.7546898e-05
1,0.9998672
0,7.507905e-05
1,0.99771404
1,0.99146926
0,7.412517e-06
1,0.9956946
1,0.99980205
1,0.9989179
0,0.00026463595
1,0.95221263
1,0.99673533
1,0.96884674
0,0.01213248
1,0.99492097
0,5.4878652e-05
0,0.00018218394
0,0.00018713177
0,3.7562942e-05
1,0.99946535
1,0.9922928
0,0.0581034
1,0.99852926
1,0.9894747
0,0.000104729865
1,0.9733522
0,0.0014547346
0,4.969103e-05
1,0.99717665
0,0.000724505
1,0.99207854
0,1.5776921e-05
0,3.169755e-05
0,5.5677306e-06
0,0.017827401
1,0.9932795
1,0.99408704
1,0.99948335
0,0.0040513147
0,3.58744e-05
1,0.99363196
0,0.0002948989
1,0.9975919
0,9.509728e-06
0,0.00010775406
1,0.995751
1,0.9668417
0,0.00040904773
0,0.06591516
1,0.9965655
1,0.63864994
0,0.0003046078
0,0.00013401061
1,0.99714434
0,0.0006341412
0,3.091055e-05
0,0.0001504143
1,0.98980415
0,5.2892196e-06
1,0.9995724
0,3.864655e-06
1,0.99402076
1,0.65208167
1,0.9972942
0,6.8593195e-06
0,7.245132e-05
1,0.9996492
1,0.9978659
0,0.20079198
0,0.00034983174
1,0.99925834
0,5.48389e-06
1,0.99458057
0,0.00015904334
1,0.9962509
1,0.9907693
0,2.3577833e-05
0,0.0028757052
0,1.6511303e-05
1,0.8367318
1,0.9717721
0,9.341812e-05
0,7.470982e-05
0,0.003189242
1,0.9997661
1,0.9977996
0,0.0010027145
0,0.00024758413
0,5.042107e-05
0,0.0012807273
0,8.674928e-05
0,1.850736e-05
1,0.9899008
0,4.2390984e-06
0,0.0004736787
0,0.000104252584
1,0.99217695
1,0.9967404
1,0.99951285
0,0.00049548195
0,0.004641533
1,0.9988446
1,0.99939924
1,0.998787
1,0.98977983
0,0.00038574063
1,0.99573606
1,0.57100505
1,0.99540323
0,0.91940415
1,0.99943036
0,1.914474e-05
1,0.868506
0,0.00016745097
0,0.00634403
1,0.9963343
0,0.00069528475
0,0.27394864
0,0.00037553025
0,0.00067708804
1,0.9958487
0,0.00033603725
1,0.9991685
0,3.4343175e-06
0,0.0037041474
1,0.99026895
0,0.00063995365
1,0.9995939
1,0.77569914
0,0.008237299
0,0.000281364
0,4.882737e-05
0,0.00016863989
0,0.0028443702
1,0.99104095
1,0.9989106
1,0.9651306
1,0.92952317
0,0.42738825
0,0.00013200346
1,0.974964
0,3.9732677e-06
1,0.9938072
1,0.9906143
1,0.9860077
0,0.00013213922
0,0.0016985525
1,0.91079867
1,0.78706604
1,0.97697544
0,0.00021511651
0,4.118215e-05
1,0.99938935
0,0.0004401636
1,0.99163926
0,0.0045406516
1,0.84479296
0,0.000590758
0,1.2602414e-05
1,0.9947071
0,0.000105178435
1,0.9922246
1,0.9565138
1,0.99299353
0,0.0012448651
0,0.00081914576
0,0.00055045343
0,0.00016842247
1,0.9892775
0,3.7990667e-05
1,0.99938583
0,0.00048215294
0,0.00031317634
1,0.9959688
1,0.99222475
1,0.99878097
1,0.8708387
1,0.9658443
1,0.95334613
0,0.0009340833
0,2.5308407e-05
1,0.99010956
0,0.0001174386
1,0.99537355
1,0.9841032
0,6.3070515e-06
0,8.3455685e-05
0,2.810824e-05
0,0.0043623946
1,0.9133746
1,0.9924835
1,0.98913413
0,1.0557485e-05
1,0.9933404
1,0.9941034
1,0.9717891
0,5.7416495e-05
1,0.9864867
1,0.9838528
1,0.99925286
1,0.9280594
0,2.1868907e-06
0,0.00011704719
1,0.9944884
1,0.9727461
0,8.911427e-06
0,0.00034013513
1,0.9958365
0,0.00030526047
0,0.0028749916
1,0.9699083
1,0.9978448
1,0.9993085
1,0.9990515
0,4.437616e-06
0,7.012897e-05
0,0.32407898
0,0.00010597346
0,0.00013492328
0,4.8537495e-05
0,0.0053537884
0,0.31174052
0,0.00038138826
0,0.44287986
1,0.9944259
1,0.9933664
0,5.887461e-05
1,0.9906766
1,0.99642
1,0.96595097
0,8.8521614e-05
0,0.00010019768
1,0.9811173
1,0.9962825
1,0.98975146
1,0.99834144
0,8.078247e-05
0,5.524795e-05
0,0.00018529517
1,0.9971201
1,0.9992166
0,1.657354e-05
1,0.9961757
1,0.99448824
1,0.9968416
0,0.00014218556
1,0.9901218
1,0.99826354
0,0.00054983597
1,0.9781243
0,8.5507396e-05
1,0.99973816
0,2.3919974e-05
0,0.00085549004
1,0.9689148
1,0.99925214
0,0.00012286728
1,0.99891406
0,0.00011320188
1,0.9730312
1,0.99675083
1,0.9744118
1,0.99676436
0,5.5769347e-06
1,0.94276196
0,0.002473244
0,7.417181e-05
1,0.9858277
0,0.0007740604
1,0.9967456
0,0.014690238
0,0.0010868717
1,0.979195
0,0.00020605083
0,6.0828068e-05
1,0.9950941
0,0.00030692795
0,2.0242038e-05
0,0.00084571034
0,5.4372787e-05
1,0.98835903
1,0.8637786
0,0.00081943296
0,0.0023871935
0,0.0017380774
1,0.8700549
0,5.390864e-05
0,7.478851e-05
0,2.718909e-05
1,0.9926982
0,3.8319562e-05
1,0.9812012
1,0.9219386
0,0.0046827095
1,0.9972207
0,1.9001121e-05
1,0.9983622
0,3.0896845e-05
1,0.9975788
0,7.901347e-05
1,0.99766093
1,0.9966598
1,0.99556255
0,0.0011157444
1,0.99720144
0,5.3387572e-05
0,0.083485186
0,0.00313043
1,0.9994437
0,0.00043618985
0,4.355638e-06
1,0.89022917
0,0.19436978
1,0.99300456
1,0.997135
1,0.9948397
1,0.57198393
0,0.024251148
0,3.2880012e-05
1,0.9500873
0,0.015118057
1,0.996419
0,0.038031943
0,0.00015631813
1,0.991361
1,0.9939963
1,0.9275165
1,0.82845813
0,0.512148
1,0.9834252
1,0.99567467
1,0.98249096
0,0.00024971183
0,0.0001487921
0,8.81601e-06
1,0.9786316
0,5.4069937e-05
1,0.9995808
1,0.9985771
1,0.52978134
0,0.0028444133
0,0.00037762642
1,0.9864064
1,0.85801125
0,0.0012789421
1,0.9946872
1,0.9970954
0,0.772142
0,1.3546773e-05
1,0.99076504
0,3.484147e-05
1,0.97771996
0,0.39145687
0,9.530925e-05
1,0.98848695
0,0.00011604022
0,0.95892775
0,3.3235228e-06
0,0.0015650488
0,0.00027007717
1,0.99328923
1,0.9524058
0,0.00023387925
0,0.030038549
1,0.9871502
1,0.9991711
1,0.9808907
1,0.9989196
1,0.9940442
1,0.9970232
0,0.005713287
0,0.0015045338
0,7.5176344e-05
1,0.9857624
1,0.9998843
1,0.9891984
0,3.9851184e-05
0,0.00012536549
1,0.9995946
0,0.010963062
0,0.00023241944
1,0.995921
0,1.4854758e-06
0,0.00086482824
0,0.0007803002
1,0.9846636
1,0.73578656
0,2.7877672e-05
0,1.1522541e-05
0,0.00016171332
0,7.7753575e-05
0,2.090564e-06
0,2.8082973e-06
0,0.020869303
0,4.631181e-05
1,0.992377
0,0.0011893456
0,4.157686e-06
0,0.00023094098
0,0.00096403266
1,0.9991833
1,0.9976761
0,2.923335e-05
0,1.0070052e-05
0,0.0002943964
0,0.07666684
0,0.57818824
0,1.3567549e-05
1,0.99456966
0,0.00010119949
0,3.371616e-05
0,0.00039059942
1,0.95852154
1,0.9997505
0,0.06837582
1,0.996601
1,0.9934619
1,0.9961312
0,0.0006033099
0,7.347662e-05
1,0.97236246
1,0.9991982
1,0.967886
1,0.99899906
1,0.9971729
1,0.9965298
1,0.9820147
0,0.00083663384
0,1.5652295e-05
0,0.00011221207
1,0.99168426
0,0.0014030294
1,0.99273133
0,0.04948862
0,8.612105e-05
1,0.99688405
1,0.9840569
0,0.00011194392
1,0.9865263
1,0.8845324
0,0.00020271387
0,0.019475406
1,0.99833864
1,0.98864836
0,0.011284212
0,0.0006433767
1,0.99991953
0,0.0011228326
1,0.03603315
1,0.9972772
1,0.9887845
1,0.9606074
0,6.2961626e-06
0,5.9536258e-05
1,0.9866724
1,0.9982248
0,0.00022697868
0,0.019747902
0,3.1331947e-05
1,0.99829304
1,0.9967352
1,0.9988261
0,3.354157e-05
0,0.0019270475
1,0.93960965
0,2.3422817e-05
0,8.606858e-05
1,0.99268264
0,4.6954312e-05
1,0.99233425
0,2.793404e-05
1,0.94186175
0,0.016867775
1,0.9868482
1,0.9886974
0,0.00178414
1,0.9936334
1,0.99870485
1,0.97381955
0,2.4188614e-05
1,0.99776876
1,0.9896637
1,0.99800324
0,4.306659e-05
1,0.958252
0,0.001240076
1,0.98074985
0,0.00023888449
0,2.523011e-05
1,0.9989149
1,0.9924719
0,0.00068161264
1,0.9617539
1,0.9589756
1,0.99603033
0,0.2922167
1,0.9919316
1,0.99709994
0,0.69667673
0,0.0007787733
1,0.9934124
0,2.8743387e-05
1,0.98701787
1,0.9912646
1,0.99320143
0,0.00011352608
1,0.9996887
1,0.9370756
1,0.9988531
0,0.003551925
1,0.99961483
1,0.9963798
1,0.9761304
1,0.9772394
0,9.542652e-06
0,0.8283136
0,0.00038912817
0,0.00085536257
0,0.00014672606
0,0.0008441258
1,0.9912453
1,0.99977505
0,0.0010176644
1,0.99843085
0,4.5246685e-05
1,0.9892688
1,0.9943832
0,9.089214e-05
1,0.99926674
0,8.997589e-05
1,0.993789
0,0.2114498
0,5.202403e-06
0,0.4507418
0,0.0022667581
1,0.98866147
0,0.012405095
1,0.99977
1,0.999733
0,4.1882056e-05
1,0.9996877
0,8.8606e-06
0,0.00027760587
0,0.0021358451
0,0.00019699936
1,0.9939539
0,5.0527782e-05
1,0.9993413
0,0.120621875
1,0.9993085
1,0.99888825
1,0.99754757
1,0.8924484
1,0.99906355
1,0.99535555
1,0.99648
0,0.00017677093
1,0.9973728
0,0.0008227046
1,0.99837637
0,0.00042631206
0,0.0046752966
0,1.9206587e-05
0,0.0024579815
0,1.5489237e-06
1,0.9650325
0,0.0001529167
0,0.00087421195
0,4.4978195e-05
0,0.00014221594
0,3.444992e-05
0,0.0001071248
0,0.0018632937
0,4.9291746e-05
0,2.378379e-05
0,0.6550855
0,1.9644282e-05
1,0.938724
0,0.00014108408
1,0.9951796
0,2.4826388e-06
1,0.9990552
